typnam,stacknam,technonam
FLEX_RemoteClass,Adobe,Adobe Flex
FLEX_setter,Adobe,Adobe Flex
FLEX_DestinationSource,Adobe,Adobe Flex
FLEX_destination,Adobe,Adobe Flex
FLEX_variable,Adobe,Adobe Flex
FLEX_RemoteObject,Adobe,Adobe Flex
FLEX_field,Adobe,Adobe Flex
FLEX_function,Adobe,Adobe Flex
FLEX_getter,Adobe,Adobe Flex
FLEX_class,Adobe,Adobe Flex
FLEX_package,Adobe,Adobe Flex
FLEX_project,Adobe,Adobe Flex
FLEX_script,Adobe,Adobe Flex
CAST_C_SQLQuery,C/C++,C/C++
CAST_Cpp_FreeFunction,C/C++,C/C++
CAST_Cpp_TemplateMemberFunctionInstance,C/C++,C/C++
CAST_Cpp_TemplateFreeFunctionInstance,C/C++,C/C++
CAST_Cpp_TemplateConstructorInstance,C/C++,C/C++
C_CLASSPROJECT,C/C++,C/C++
C_CLASSPROJECT_C,C/C++,C/C++
C_FILESCOPEFOLDER,C/C++,C/C++
C_GLOBAL,C/C++,C/C++
C_DIRECTORY,C/C++,C/C++
C_FILE,C/C++,C/C++
C_MEMBER,C/C++,C/C++
C_FUNCTION,C/C++,C/C++
C_METHOD,C/C++,C/C++
C_MACRO,C/C++,C/C++
C_ROOTDIRECTORY,C/C++,C/C++
C_CLASSFOLDER,C/C++,C/C++
C_ENUM,C/C++,C/C++
C_GLOBALVARIABLE,C/C++,C/C++
C_CONSTRUCTOR,C/C++,C/C++
C_DESTRUCTOR,C/C++,C/C++
C_STRUCT,C/C++,C/C++
C_UNION,C/C++,C/C++
C_CLASS,C/C++,C/C++
CAST_Cpp_TemplateConstructor,C/C++,C/C++
CAST_Cpp_TemplateFreeFunction,C/C++,C/C++
CAST_Cpp_Enum,C/C++,C/C++
CAST_Cpp_TemplateUnionInstance,C/C++,C/C++
CAST_Cpp_Union,C/C++,C/C++
CAST_Cpp_TemplateClassInstance,C/C++,C/C++
CAST_Cpp_EnumItem,C/C++,C/C++
CAST_Cpp_Constructor,C/C++,C/C++
CAST_Cpp_Destructor,C/C++,C/C++
CAST_Cpp_GlobalVariable,C/C++,C/C++
CAST_Cpp_Macro,C/C++,C/C++
C_ENUMITEM,C/C++,C/C++
C_TYPEDEF,C/C++,C/C++
C_TEMPLATE_PARAM,C/C++,C/C++
C_TEMPLATE_METHOD,C/C++,C/C++
C_TEMPLATE_CLASS_INSTANCE,C/C++,C/C++
C_TEMPLATE_CLASS,C/C++,C/C++
C_TEMPLATE_FUNCTION_INSTANCE,C/C++,C/C++
C_TEMPLATE_METHOD_INSTANCE,C/C++,C/C++
C_TEMPLATE_CTOR_INSTANCE,C/C++,C/C++
C_TEMPLATE_FUNCTION,C/C++,C/C++
CAST_C_CLR_Property,C/C++,C/C++
CAST_C_CLR_PropertyGetter,C/C++,C/C++
CAST_C_CLR_Event,C/C++,C/C++
CAST_C_CLR_EventAddon,C/C++,C/C++
CAST_C_CLR_EventRemoveon,C/C++,C/C++
CAST_C_CLR_PropertySetter,C/C++,C/C++
C_TEMPLATE_CTOR,C/C++,C/C++
CAST_C_CLR_EventRaise,C/C++,C/C++
CAST_Cpp_Directory,C/C++,C/C++
CAST_CCpp_Project,C/C++,C/C++
CAST_Cpp_HeaderFile,C/C++,C/C++
CAST_Cpp_SourceFile,C/C++,C/C++
CAST_Cpp_RootDirectory,C/C++,C/C++
CAST_Cpp_Namespace,C/C++,C/C++
CAST_Cpp_MemberFunction,C/C++,C/C++
CAST_Cpp_ClassFolder,C/C++,C/C++
CAST_Cpp_Class,C/C++,C/C++
CAST_Cpp_AdditionalFile,C/C++,C/C++
CAST_Cpp_TemplateMemberFunction,C/C++,C/C++
CAST_Cpp_TemplateClass,C/C++,C/C++
CAST_Cpp_MemberVariable,C/C++,C/C++
CAST_Cpp_TemplateParameter,C/C++,C/C++
CAST_Cpp_Typedef,C/C++,C/C++
CAST_Cpp_TemplateUnion,C/C++,C/C++
CAST_DotNet_ApplicationCSharp,.NET,C#
WCF_OperationMethodPost,.NET,WCF
WCF_OperationMethodDelete,.NET,WCF
WCF_OperationContract,.NET,WCF
WCF_DataContract,.NET,WCF
WCF_OperationMethodPut,.NET,WCF
WCF_PostResourceService,.NET,WCF
WCF_OperationMethodGet,.NET,WCF
CAST_DotNet_ApplicationJSServerSide,.NET,.NET
CAST_DotNet_ApplicationJava,.NET,.NET
CAST_DotNet_ApplicationHTML,.NET,.NET
CAST_DotNet_ApplicationASP,.NET,.NET
CAST_DotNet_ApplicationVBScriptClientSide,.NET,VB.NET
CAST_DotNet_ApplicationVBScriptServerSide,.NET,VB.NET
CAST_DotNet_ApplicationHTC,.NET,.NET
CAST_DotNet_ApplicationVB,.NET,VB.NET
CAST_MYBATIS_DOTNET_SQLNAMEDQUERY,.NET,.NET
CAST_DotNet_DestructorVB,.NET,VB.NET
CAST_DotNet_ConstructorVB,.NET,VB.NET
CAST_DotNet_ClassVBWebServiceProxy,.NET,VB.NET
CAST_DotNet_ClassVBWebService,.NET,VB.NET
CAST_DotNet_ClassVBCrystalReportClass,.NET,VB.NET
CAST_DotNet_ClassVBServicedComponent,.NET,VB.NET
CAST_DotNet_ClassVBServiceBase,.NET,VB.NET
CAST_DotNet_ClassVBInstaller,.NET,VB.NET
CAST_DotNet_ClassVBCustomControl,.NET,VB.NET
CAST_DotNet_ClassVBForm,.NET,VB.NET
CAST_DotNet_ClassVBComponent,.NET,VB.NET
CAST_DotNet_ClassVBDataSet,.NET,VB.NET
CAST_DotNet_ClassVBUserControl,.NET,VB.NET
CAST_DotNet_ClassVBCustomAttribute,.NET,VB.NET
CAST_DotNet_ClassVB,.NET,VB.NET
CAST_DotNet_GenericDelegateVB,.NET,VB.NET
CAST_DotNet_InstantiatedGenericDelegateVB,.NET,VB.NET
CAST_DotNet_DelegateVB,.NET,VB.NET
CAST_DotNet_EnumerationVB,.NET,VB.NET
CAST_DotNet_EnumerationItemVB,.NET,VB.NET
CAST_DotNet_InstantiatedGenericStructureVB,.NET,VB.NET
CAST_DotNet_ClassVBException,.NET,VB.NET
CAST_DotNet_Project,.NET,.NET
CAST_DotNet_TypeParameterCSharp,.NET,C#
CAST_DotNet_InterfaceCSharp,.NET,C#
CAST_DotNet_StructureCSharp,.NET,C#
CAST_DotNet_InstantiatedGenericInterfaceCSharp,.NET,C#
CAST_DotNet_InstantiatedGenericStructureCSharp,.NET,C#
CAST_DotNet_GenericStructureCSharp,.NET,C#
CAST_DotNet_GenericInterfaceCSharp,.NET,C#
CAST_DotNet_EnumerationCSharp,.NET,C#
CAST_DotNet_GenericDelegateCSharp,.NET,C#
CAST_DotNet_EnumerationItemCSharp,.NET,C#
CAST_DotNet_DelegateCSharp,.NET,C#
CAST_DotNet_Executable,.NET,.NET
CAST_DotNet_InstantiatedGenericInterfaceVB,.NET,VB.NET
CAST_DotNet_GenericStructureVB,.NET,VB.NET
CAST_DotNet_StructureVB,.NET,VB.NET
CAST_DotNet_GenericInterfaceVB,.NET,VB.NET
CAST_DotNet_InterfaceVB,.NET,VB.NET
CAST_DotNet_TypeParameterVB,.NET,VB.NET
CAST_DotNet_CSharpFile,.NET,C#
CAST_DotNet_ProjectVB,.NET,VB.NET
CAST_DotNet_VBNetFile,.NET,VB.NET
CAST_DotNet_InstantiatedGenericDelegateCSharp,.NET,C#
CAST_DotNet_ClassCSharpException,.NET,C#
CAST_DotNet_ClassCSharpCustomAttribute,.NET,C#
CAST_DotNet_ClassCSharpDataSet,.NET,C#
CAST_DotNet_ClassCSharpForm,.NET,C#
CAST_DotNet_ClassCSharpUserControl,.NET,C#
CAST_DotNet_ClassCSharpComponent,.NET,C#
CAST_DotNet_ClassCSharpServiceBase,.NET,C#
CAST_DotNet_ClassCSharp,.NET,C#
CAST_DotNet_ClassCSharpServicedComponent,.NET,C#
CAST_DotNet_ClassCSharpInstaller,.NET,C#
CAST_DotNet_ClassCSharpWebService,.NET,C#
CAST_DotNet_ClassCSharpWebServiceProxy,.NET,C#
CAST_DotNet_ClassCSharpCustomControl,.NET,C#
CAST_DotNet_PropertyVB,.NET,VB.NET
CAST_DotNet_ClassCSharpCrystalReportClass,.NET,C#
CAST_DotNet_PropertySetterVB,.NET,VB.NET
CAST_DotNet_GenericClassCSharp,.NET,C#
CAST_DotNet_PropertyGetterVB,.NET,VB.NET
CAST_DotNet_InstantiatedGenericClassCSharp,.NET,C#
CAST_AspDotNet_GetOperation,.NET,ASP.NET
CAST_AspDotNet_AnyOperation,.NET,ASP.NET
CAST_AspDotNet_DeleteOperation,.NET,ASP.NET
CAST_AspDotNet_PutOperation,.NET,ASP.NET
CAST_AspDotNet_PostOperation,.NET,ASP.NET
CAST_DotNet_FieldCSharpServerControl,.NET,C#
CAST_DotNet_FieldCSharpCustomControl,.NET,C#
CAST_DotNet_EventAddonCSharp,.NET,C#
CAST_DotNet_InstantiatedGenericMethodCSharp,.NET,C#
CAST_DotNet_FieldCSharp,.NET,C#
CAST_DotNet_GenericMethodCSharp,.NET,C#
CAST_DotNet_EventCSharp,.NET,C#
CAST_DotNet_EventRemoveonCSharp,.NET,C#
CAST_DotNet_MethodCSharp,.NET,C#
CAST_DotNet_ConstantCSharp,.NET,C#
CAST_DotNet_ConversionOperatorCSharp,.NET,C#
CAST_DotNet_UnaryOperatorCSharp,.NET,C#
CAST_DotNet_IndexerCSharp,.NET,C#
CAST_DotNet_BinaryOperatorCSharp,.NET,C#
CAST_DotNet_PropertyCSharp,.NET,C#
CAST_DotNet_IndexerSetterCSharp,.NET,C#
CAST_DotNet_IndexerGetterCSharp,.NET,C#
CAST_DotNet_DestructorCSharp,.NET,C#
CAST_DotNet_PropertySetterCSharp,.NET,C#
CAST_DotNet_PropertyGetterCSharp,.NET,C#
CAST_DotNet_ConstructorCSharp,.NET,C#
SL_JS_Source_Code,.NET,Silverlight
SL_XAML_Custom_Control,.NET,WPF
SL_JS_Function,.NET,Silverlight
SL_XAML_Control,.NET,WPF
CAST_DotNet_Unknown_Redis_Connection,.NET,.NET
CAST_DotNet_Unknown_Redis_Collection,.NET,.NET
CAST_DotNet_Redis_Collection,.NET,.NET
CAST_DotNet_Redis_Connection,.NET,.NET
CAST_DotNet_Elasticsearch_Cluster,.NET,.NET
CAST_DotNet_Unknown_Elasticsearch_Index,.NET,.NET
CAST_DotNet_Elasticsearch_Index,.NET,.NET
CAST_DotNet_Unknown_Couchbase_Bucket,.NET,.NET
CAST_DotNet_Unknown_CosmosDB_Database,.NET,.NET
CAST_DotNet_Memcached_Data,.NET,.NET
CAST_DotNet_Memcached_Connection,.NET,.NET
CAST_DotNet_CosmosDB_Collection,.NET,.NET
CAST_DotNet_Couchbase_Bucket,.NET,.NET
CAST_DotNet_Unknown_Couchbase_Cluster,.NET,.NET
CAST_DotNet_Couchbase_Cluster,.NET,.NET
CAST_DotNet_Unknown_CosmosDB_Collection,.NET,.NET
CAST_DotNet_Unknown_DynamoDB_Table,.NET,.NET
CAST_DotNet_CosmosDB_Database,.NET,.NET
CAST_DotNet_Unknown_DynamoDB_Client,.NET,.NET
CAST_DotNet_DynamoDB_Table,.NET,.NET
CAST_DotNet_Unknown_MongoDB_Database,.NET,.NET
CAST_DotNet_MongoDB_Database,.NET,.NET
CAST_DotNet_MongoDB_Connection,.NET,.NET
CAST_DotNet_Unknown_MongoDB_Connection,.NET,.NET
CAST_DotNet_MongoDB_Collection,.NET,.NET
CAST_DotNet_Unknown_Memcached_Data,.NET,.NET
CAST_DotNet_Unknown_Memcached_Connection,.NET,.NET
CAST_DotNet_Unknown_MongoDB_Collection,.NET,.NET
CAST_DotNet_DynamoDB_Client,.NET,.NET
WCF_ServiceEndpoint,.NET,WCF
WCFService,.NET,WCF
WCF_Configuration,.NET,WCF
WCF_ClientEndpoint,.NET,WCF
XAML_Control,.NET,.NET
XAML_Custom_Control,.NET,.NET
CAST_DotNet_ApplicationJSClientSide,.NET,.NET
CAST_DotNet_IndexerSetterVB,.NET,VB.NET
CAST_DotNet_IndexerGetterVB,.NET,VB.NET
CAST_DotNet_IndexerVB,.NET,VB.NET
CAST_DotNet_ConversionOperatorVB,.NET,VB.NET
CAST_DotNet_BinaryOperatorVB,.NET,VB.NET
CAST_DotNet_UnaryOperatorVB,.NET,VB.NET
CAST_DotNet_GenericMethodVB,.NET,VB.NET
CAST_DotNet_InstantiatedGenericMethodVB,.NET,VB.NET
CAST_DotNet_MethodVB,.NET,VB.NET
CAST_DotNet_EventRaiseVB,.NET,VB.NET
CAST_DotNet_EventRemoveonVB,.NET,VB.NET
CAST_DotNet_EventAddonVB,.NET,VB.NET
CAST_DotNet_ConstantVB,.NET,VB.NET
CAST_DotNet_EventVB,.NET,VB.NET
CAST_DotNet_FieldVB,.NET,VB.NET
CAST_DotNet_FieldVBCustomControl,.NET,VB.NET
CAST_DotNet_FieldVBServerControl,.NET,VB.NET
CAST_DotNet_ModuleVB,.NET,VB.NET
CAST_DotNet_InstantiatedGenericClassVB,.NET,VB.NET
CAST_DotNet_GenericClassVB,.NET,VB.NET
CAST_Forms_ObjectLibrary,Oracle Entreprise Solutions,Oracle Forms/Reports
CAST_Forms_Trigger,Oracle Entreprise Solutions,Oracle Forms/Reports
CAST_Forms_Menu,Oracle Entreprise Solutions,Oracle Forms/Reports
CAST_Forms_PlsqlModule,Oracle Entreprise Solutions,Oracle Forms/Reports
CAST_Forms_ModuleParameter,Oracle Entreprise Solutions,Oracle Forms/Reports
CAST_Forms_Editor,Oracle Entreprise Solutions,Oracle Forms/Reports
CAST_Forms_ModuleParameter_Tab,Oracle Entreprise Solutions,Oracle Forms/Reports
CAST_Forms_MenuModule,Oracle Entreprise Solutions,Oracle Forms/Reports
CAST_Forms_VisualAttributes,Oracle Entreprise Solutions,Oracle Forms/Reports
CAST_Forms_PopupMenuItem,Oracle Entreprise Solutions,Oracle Forms/Reports
CAST_Forms_Editor_Tab,Oracle Entreprise Solutions,Oracle Forms/Reports
CAST_Forms_PropertyClass,Oracle Entreprise Solutions,Oracle Forms/Reports
CAST_Forms_MenuItem,Oracle Entreprise Solutions,Oracle Forms/Reports
PeopleSoftProject,Oracle Entreprise Solutions,PeopleSoft
FORMS_RDF_LAYOUT_MODEL,Oracle Entreprise Solutions,Oracle Forms/Reports
FORMS_RDF_HEADER,Oracle Entreprise Solutions,Oracle Forms/Reports
FORMS_RDF_TRAILER,Oracle Entreprise Solutions,Oracle Forms/Reports
FORMS_RDF_BODY,Oracle Entreprise Solutions,Oracle Forms/Reports
FORMS_RDF_MARGIN,Oracle Entreprise Solutions,Oracle Forms/Reports
FORMS_RDF_REPEATING_FRAME,Oracle Entreprise Solutions,Oracle Forms/Reports
FORMS_RDF_FRAME,Oracle Entreprise Solutions,Oracle Forms/Reports
FORMS_RDF_FIELD,Oracle Entreprise Solutions,Oracle Forms/Reports
FORMS_RDF_BP_TEXT,Oracle Entreprise Solutions,Oracle Forms/Reports
CAST_BPEL_Invoke,Oracle Entreprise Solutions,BPEL
FORMS_RDF_BP_POLYGONE,Oracle Entreprise Solutions,Oracle Forms/Reports
FORMS_RDF_BP_POLYLINE,Oracle Entreprise Solutions,Oracle Forms/Reports
FORMS_RDF_BP_FREEHAND,Oracle Entreprise Solutions,Oracle Forms/Reports
FORMS_RDF_BP_LINE,Oracle Entreprise Solutions,Oracle Forms/Reports
FORMS_RDF_BP_RECTANGLE,Oracle Entreprise Solutions,Oracle Forms/Reports
FORMS_RDF_BP_ROUNDED_RECTANGLE,Oracle Entreprise Solutions,Oracle Forms/Reports
FORMS_RDF_BP_ELLIPSE,Oracle Entreprise Solutions,Oracle Forms/Reports
FORMS_RDF_BP_ARC,Oracle Entreprise Solutions,Oracle Forms/Reports
FORMS_RDF_BP_IMAGE,Oracle Entreprise Solutions,Oracle Forms/Reports
FORMS_RDF_BP_UNKNOWN,Oracle Entreprise Solutions,Oracle Forms/Reports
FORMS_RDF_BUTTON,Oracle Entreprise Solutions,Oracle Forms/Reports
FORMS_RDF_CHART,Oracle Entreprise Solutions,Oracle Forms/Reports
FORMS_RDF_PROGRAM_UNIT,Oracle Entreprise Solutions,Oracle Forms/Reports
CAST_Forms_Procedure,Oracle Entreprise Solutions,Oracle Forms/Reports
CAST_Forms_PrivateProcedure,Oracle Entreprise Solutions,Oracle Forms/Reports
CAST_Forms_Function,Oracle Entreprise Solutions,Oracle Forms/Reports
CAST_Forms_PrivateFunction,Oracle Entreprise Solutions,Oracle Forms/Reports
CAST_Forms_Package,Oracle Entreprise Solutions,Oracle Forms/Reports
CAST_Forms_PackageBody,Oracle Entreprise Solutions,Oracle Forms/Reports
PSoft_AESection,Oracle Entreprise Solutions,PeopleSoft
PSoft_AESectionMarket,Oracle Entreprise Solutions,PeopleSoft
PSoft_AEStep,Oracle Entreprise Solutions,PeopleSoft
PSoft_AEActionCall,Oracle Entreprise Solutions,PeopleSoft
PSoft_AEActionXSLT,Oracle Entreprise Solutions,PeopleSoft
PSoft_AEActionMessage,Oracle Entreprise Solutions,PeopleSoft
PSoft_AEActionSQL,Oracle Entreprise Solutions,PeopleSoft
PSoft_AEActionP,Oracle Entreprise Solutions,PeopleSoft
PSoft_MessageNode,Oracle Entreprise Solutions,PeopleSoft
PSoft_MsgChannel,Oracle Entreprise Solutions,PeopleSoft
PSoft_Message,Oracle Entreprise Solutions,PeopleSoft
PSoft_MsgSubscription,Oracle Entreprise Solutions,PeopleSoft
PSoft_MessageEvent,Oracle Entreprise Solutions,PeopleSoft
PSoft_SubscriptionEvent,Oracle Entreprise Solutions,PeopleSoft
PSoft_CompInterfaceEvent,Oracle Entreprise Solutions,PeopleSoft
PSoft_ComponentInterfaceProp1,Oracle Entreprise Solutions,PeopleSoft
PSoft_ComponentInterfaceUserProp1,Oracle Entreprise Solutions,PeopleSoft
PSoft_ComponentInterfaceProp2,Oracle Entreprise Solutions,PeopleSoft
PSoft_ComponentInterfaceUserProp2,Oracle Entreprise Solutions,PeopleSoft
PSoft_ComponentInterfaceProp3,Oracle Entreprise Solutions,PeopleSoft
PSoft_ComponentInterfaceUserProp3,Oracle Entreprise Solutions,PeopleSoft
PSoft_CompIntPropEvent1,Oracle Entreprise Solutions,PeopleSoft
PSoft_CompIntPropEvent2,Oracle Entreprise Solutions,PeopleSoft
PSoft_CompIntPropEvent3,Oracle Entreprise Solutions,PeopleSoft
PSoft_PageEvent,Oracle Entreprise Solutions,PeopleSoft
PSoft_ComponentEvent,Oracle Entreprise Solutions,PeopleSoft
PSoft_ComponentRecordEvent,Oracle Entreprise Solutions,PeopleSoft
PSoft_ComponentRecordFieldEvent,Oracle Entreprise Solutions,PeopleSoft
PSoft_StyleSheet,Oracle Entreprise Solutions,PeopleSoft
PSoft_HTML,Oracle Entreprise Solutions,PeopleSoft
PSoft_PermissionList,Oracle Entreprise Solutions,PeopleSoft
PSoft_AuthItem,Oracle Entreprise Solutions,PeopleSoft
PSoft_AuthBusComp,Oracle Entreprise Solutions,PeopleSoft
PSoft_AuthCnhlMon,Oracle Entreprise Solutions,PeopleSoft
PSoft_Environment,Oracle Entreprise Solutions,PeopleSoft
PSoft_Module,Oracle Entreprise Solutions,PeopleSoft
PSoftDisplayType,Oracle Entreprise Solutions,PeopleSoft
PSoft_RecordTable,Oracle Entreprise Solutions,PeopleSoft
PSoft_RecordView,Oracle Entreprise Solutions,PeopleSoft
PSoft_RecordDerived,Oracle Entreprise Solutions,PeopleSoft
PSoft_RecordSub,Oracle Entreprise Solutions,PeopleSoft
PSoft_RecordDynamic,Oracle Entreprise Solutions,PeopleSoft
PSoft_RecordQuery,Oracle Entreprise Solutions,PeopleSoft
PSoft_RecordTemp,Oracle Entreprise Solutions,PeopleSoft
CAST_Forms_DataBlock,Oracle Entreprise Solutions,Oracle Forms/Reports
PSoft_RecordFields,Oracle Entreprise Solutions,PeopleSoft
PSoft_RecordIndex,Oracle Entreprise Solutions,PeopleSoft
PSoft_RecordFieldDBs,Oracle Entreprise Solutions,PeopleSoft
PSoft_DBField,Oracle Entreprise Solutions,PeopleSoft
PSoft_Field_LabelItem,Oracle Entreprise Solutions,PeopleSoft
PSoft_Field_Format,Oracle Entreprise Solutions,PeopleSoft
PSoft_Field_XLATITEM,Oracle Entreprise Solutions,PeopleSoft
PSoft_Page0,Oracle Entreprise Solutions,PeopleSoft
PSoft_Page1,Oracle Entreprise Solutions,PeopleSoft
PSoft_Page2,Oracle Entreprise Solutions,PeopleSoft
PSoft_PageField0,Oracle Entreprise Solutions,PeopleSoft
PSoft_PageFieldLevel1,Oracle Entreprise Solutions,PeopleSoft
PSoft_PageField1,Oracle Entreprise Solutions,PeopleSoft
PSoft_PageFieldLevel2,Oracle Entreprise Solutions,PeopleSoft
PSoft_PageField2,Oracle Entreprise Solutions,PeopleSoft
PSoft_PageFieldLevel3,Oracle Entreprise Solutions,PeopleSoft
PSoft_PageField3,Oracle Entreprise Solutions,PeopleSoft
PSoft_Menu,Oracle Entreprise Solutions,PeopleSoft
PSoft_MenuPopup,Oracle Entreprise Solutions,PeopleSoft
PSoft_MenuBar,Oracle Entreprise Solutions,PeopleSoft
PSoft_MenuItem,Oracle Entreprise Solutions,PeopleSoft
PSoft_Component,Oracle Entreprise Solutions,PeopleSoft
PSoft_ComponentRecord,Oracle Entreprise Solutions,PeopleSoft
PSoft_ComponentRecordField,Oracle Entreprise Solutions,PeopleSoft
PSoft_ComponentItem,Oracle Entreprise Solutions,PeopleSoft
PSoft_RecordFieldEvent,Oracle Entreprise Solutions,PeopleSoft
PSoft_MenuEvent,Oracle Entreprise Solutions,PeopleSoft
PSoft_Query,Oracle Entreprise Solutions,PeopleSoft
PSoft_BusinessProcess,Oracle Entreprise Solutions,PeopleSoft
PSoft_BusProcItem,Oracle Entreprise Solutions,PeopleSoft
PSoft_Activity,Oracle Entreprise Solutions,PeopleSoft
SIEBEL_PROCESS_STEP_ABORT,Oracle Entreprise Solutions,Siebel
SIEBEL_PROCESS_STEP_DECISION_POINT,Oracle Entreprise Solutions,Siebel
SIEBEL_PROCESS_STEP_END,Oracle Entreprise Solutions,Siebel
SIEBEL_PROCESS_STEP_SIEBEL_OPER,Oracle Entreprise Solutions,Siebel
SIEBEL_PROCESS_STEP_START,Oracle Entreprise Solutions,Siebel
SIEBEL_PROCESS_STEP_SUB_PROCESS,Oracle Entreprise Solutions,Siebel
SIEBEL_PROCESS_STEP_TASK,Oracle Entreprise Solutions,Siebel
SIEBEL_PROCESS_STEP_USER_INTERACT,Oracle Entreprise Solutions,Siebel
SIEBEL_PROCESS_STEP_WAIT,Oracle Entreprise Solutions,Siebel
SIEBEL_PROCESS_BRANCH_CONNECTOR,Oracle Entreprise Solutions,Siebel
SIEBEL_PROCESS_BRANCH_DECISION,Oracle Entreprise Solutions,Siebel
SIEBEL_PROCESS_BRANCH_DEFAULT,Oracle Entreprise Solutions,Siebel
SIEBEL_PROCESS_BRANCH_ERROR_EXC,Oracle Entreprise Solutions,Siebel
SIEBEL_PROCESS_BRANCH_USER_DEFINED_EXC,Oracle Entreprise Solutions,Siebel
CAST_Forms_DataBlockItem,Oracle Entreprise Solutions,Oracle Forms/Reports
CAST_Forms_DataBlock_Relation,Oracle Entreprise Solutions,Oracle Forms/Reports
CAST_Forms_Window,Oracle Entreprise Solutions,Oracle Forms/Reports
CAST_Forms_Window_Tab,Oracle Entreprise Solutions,Oracle Forms/Reports
SIEBEL_APPLET_WEB_TMPL,Oracle Entreprise Solutions,Siebel
SIEBEL_APPLET_WEB_TMPL_ITM,Oracle Entreprise Solutions,Siebel
SIEBEL_CONTROL,Oracle Entreprise Solutions,Siebel
SIEBEL_LIST,Oracle Entreprise Solutions,Siebel
SIEBEL_LIST_COLUMN,Oracle Entreprise Solutions,Siebel
SIEBEL_APPLET_TOGGLE,Oracle Entreprise Solutions,Siebel
SIEBEL_DDOWN_OBJECT,Oracle Entreprise Solutions,Siebel
SIEBEL_APPLET_METHOD_MENU_ITEM,Oracle Entreprise Solutions,Siebel
SIEBEL_DDOWN_DYNDEST,Oracle Entreprise Solutions,Siebel
SIEBEL_VIEW,Oracle Entreprise Solutions,Siebel
SIEBEL_VIEW_WEB_TMPL,Oracle Entreprise Solutions,Siebel
SIEBEL_VIEW_WEB_TMPL_ITEM,Oracle Entreprise Solutions,Siebel
SIEBEL_VIEW_REPORT,Oracle Entreprise Solutions,Siebel
SIEBEL_VIEW_TASKGROUP,Oracle Entreprise Solutions,Siebel
SIEBEL_VIEW_LAYOUT,Oracle Entreprise Solutions,Siebel
SIEBEL_SCREEN,Oracle Entreprise Solutions,Siebel
SIEBEL_SCREEN_VIEW,Oracle Entreprise Solutions,Siebel
SIEBEL_APPLICATION,Oracle Entreprise Solutions,Siebel
SIEBEL_APPL_FIND,Oracle Entreprise Solutions,Siebel
SIEBEL_APPL_METHOD_MENU_ITEM,Oracle Entreprise Solutions,Siebel
SIEBEL_APPL_TOOLBAR,Oracle Entreprise Solutions,Siebel
SIEBEL_APPL_PAGE_TAB,Oracle Entreprise Solutions,Siebel
SIEBEL_APPL_SCREEN_MENU_ITEM,Oracle Entreprise Solutions,Siebel
SIEBEL_APPL_EVENT_SERVICE,Oracle Entreprise Solutions,Siebel
SIEBEL_APPL_SCRIPT,Oracle Entreprise Solutions,Siebel
PSoft_AuthWS,Oracle Entreprise Solutions,PeopleSoft
PSoft_AuthQueueMon,Oracle Entreprise Solutions,PeopleSoft
PSoft_AuthOptn,Oracle Entreprise Solutions,PeopleSoft
PSoft_AuthCube,Oracle Entreprise Solutions,PeopleSoft
PSoft_AuthMP,Oracle Entreprise Solutions,PeopleSoft
PSoft_AuthPrcs,Oracle Entreprise Solutions,PeopleSoft
PSoft_AuthBusCompAction,Oracle Entreprise Solutions,PeopleSoft
PSoft_PortalRegistry,Oracle Entreprise Solutions,PeopleSoft
PSoft_PortalFolder,Oracle Entreprise Solutions,PeopleSoft
PSoft_PortalContentReference,Oracle Entreprise Solutions,PeopleSoft
PSoft_URL,Oracle Entreprise Solutions,PeopleSoft
PSoft_AppPackage,Oracle Entreprise Solutions,PeopleSoft
PSoft_AppClass,Oracle Entreprise Solutions,PeopleSoft
PSoft_AppMethod,Oracle Entreprise Solutions,PeopleSoft
PSoft_Package,Oracle Entreprise Solutions,PeopleSoft
PSoft_SubPackage,Oracle Entreprise Solutions,PeopleSoft
PSoft_MobilePage,Oracle Entreprise Solutions,PeopleSoft
PSoft_PeopleCodeFunction,Oracle Entreprise Solutions,PeopleSoft
CAST_Forms_Alert,Oracle Entreprise Solutions,Oracle Forms/Reports
CAST_Forms_Alert_Tab,Oracle Entreprise Solutions,Oracle Forms/Reports
CAST_Forms_RecordGroup,Oracle Entreprise Solutions,Oracle Forms/Reports
CAST_Forms_LOV,Oracle Entreprise Solutions,Oracle Forms/Reports
CAST_Forms_Canvas,Oracle Entreprise Solutions,Oracle Forms/Reports
CAST_Forms_Graphics_Tab,Oracle Entreprise Solutions,Oracle Forms/Reports
CAST_Forms_Canvas_Tab,Oracle Entreprise Solutions,Oracle Forms/Reports
CAST_Forms_Graphics,Oracle Entreprise Solutions,Oracle Forms/Reports
CAST_Forms_PopupMenu,Oracle Entreprise Solutions,Oracle Forms/Reports
CAST_Forms_RecordGroup_Tab,Oracle Entreprise Solutions,Oracle Forms/Reports
SiebelProject,Oracle Entreprise Solutions,Siebel
PSoft_ActivityStep,Oracle Entreprise Solutions,PeopleSoft
PSoft_ActivityEvent,Oracle Entreprise Solutions,PeopleSoft
PSoft_ActivityWorklist,Oracle Entreprise Solutions,PeopleSoft
PSoft_ActivityEmail,Oracle Entreprise Solutions,PeopleSoft
PSoft_ActivityReport,Oracle Entreprise Solutions,PeopleSoft
PSoft_ActivitySchedule,Oracle Entreprise Solutions,PeopleSoft
PSoft_User,Oracle Entreprise Solutions,PeopleSoft
PSoft_Role,Oracle Entreprise Solutions,PeopleSoft
PSoft_Process,Oracle Entreprise Solutions,PeopleSoft
PSoft_ProcessGroup,Oracle Entreprise Solutions,PeopleSoft
PSoft_ProcessJob,Oracle Entreprise Solutions,PeopleSoft
PSoft_MessageSet,Oracle Entreprise Solutions,PeopleSoft
PSoft_MessageCatalog,Oracle Entreprise Solutions,PeopleSoft
PSoft_SQL,Oracle Entreprise Solutions,PeopleSoft
PSoft_FileLayout,Oracle Entreprise Solutions,PeopleSoft
PSoft_ComponentInterface,Oracle Entreprise Solutions,PeopleSoft
PSoft_ComponentInterfaceGetKey,Oracle Entreprise Solutions,PeopleSoft
PSoft_ComponentInterfaceCreateKey,Oracle Entreprise Solutions,PeopleSoft
PSoft_ComponentInterfaceFindKey,Oracle Entreprise Solutions,PeopleSoft
PSoft_ComponentInterfaceCollection1,Oracle Entreprise Solutions,PeopleSoft
PSoft_ComponentInterfaceCollection2,Oracle Entreprise Solutions,PeopleSoft
PSoft_ComponentInterfaceCollection3,Oracle Entreprise Solutions,PeopleSoft
PSoft_ComponentInterfaceProp0,Oracle Entreprise Solutions,PeopleSoft
PSoft_ComponentInterfaceUserProp0,Oracle Entreprise Solutions,PeopleSoft
CAST_Forms_LOV_Tab,Oracle Entreprise Solutions,Oracle Forms/Reports
PSoft_AEStandard,Oracle Entreprise Solutions,PeopleSoft
CAST_Forms_PropertyClass_Tab,Oracle Entreprise Solutions,Oracle Forms/Reports
PSoft_AEUpgradeOnly,Oracle Entreprise Solutions,PeopleSoft
PSoft_AEImportOnly,Oracle Entreprise Solutions,PeopleSoft
PSoft_AEDeamonOnly,Oracle Entreprise Solutions,PeopleSoft
CAST_Forms_VisualAttributes_Tab,Oracle Entreprise Solutions,Oracle Forms/Reports
PSoft_AETransformOnly,Oracle Entreprise Solutions,PeopleSoft
CAST_BPEL_Project,Oracle Entreprise Solutions,BPEL
CAST_BPEL_Process,Oracle Entreprise Solutions,BPEL
CAST_Forms_Procedure_Tab,Oracle Entreprise Solutions,Oracle Forms/Reports
CAST_Forms_PrivateProcedure_Tab,Oracle Entreprise Solutions,Oracle Forms/Reports
CAST_Forms_Function_Tab,Oracle Entreprise Solutions,Oracle Forms/Reports
CAST_Forms_PrivateFunction_Tab,Oracle Entreprise Solutions,Oracle Forms/Reports
CAST_Forms_Package_Tab,Oracle Entreprise Solutions,Oracle Forms/Reports
CAST_Forms_PackageBody_Tab,Oracle Entreprise Solutions,Oracle Forms/Reports
FORMS_RDF_MODULE,Oracle Entreprise Solutions,Oracle Forms/Reports
FORMS_RDF_DATA_MODEL,Oracle Entreprise Solutions,Oracle Forms/Reports
FORMS_RDF_PREDEFINED_SOURCE,Oracle Entreprise Solutions,Oracle Forms/Reports
FORMS_RDF_SYSTEM_PARAMETER,Oracle Entreprise Solutions,Oracle Forms/Reports
FORMS_RDF_USER_PARAMETER,Oracle Entreprise Solutions,Oracle Forms/Reports
FORMS_RDF_QUERY,Oracle Entreprise Solutions,Oracle Forms/Reports
FORMS_RDF_EXT_FILE_QUERY,Oracle Entreprise Solutions,Oracle Forms/Reports
FORMS_RDF_REF_CURSOR_QUERY,Oracle Entreprise Solutions,Oracle Forms/Reports
FORMS_RDF_NON_ORADB_QUERY,Oracle Entreprise Solutions,Oracle Forms/Reports
FORMS_RDF_UNKNOWN_QUERY,Oracle Entreprise Solutions,Oracle Forms/Reports
FORMS_RDF_ELEMENT,Oracle Entreprise Solutions,Oracle Forms/Reports
FORMS_RDF_GROUP,Oracle Entreprise Solutions,Oracle Forms/Reports
FORMS_RDF_DB_COLUMN,Oracle Entreprise Solutions,Oracle Forms/Reports
FORMS_RDF_DATA_LINK,Oracle Entreprise Solutions,Oracle Forms/Reports
CAST_BPEL_Receive,Oracle Entreprise Solutions,BPEL
FORMS_RDF_SUMMARY_COLUMN,Oracle Entreprise Solutions,Oracle Forms/Reports
FORMS_RDF_FORMULA_COLUMN,Oracle Entreprise Solutions,Oracle Forms/Reports
FORMS_RDF_PLACEHOLDER_COLUMN,Oracle Entreprise Solutions,Oracle Forms/Reports
FORMS_RDF_USER_UNKNOWN_COLUMN,Oracle Entreprise Solutions,Oracle Forms/Reports
FORMS_RDF_PARAMETER_FORM,Oracle Entreprise Solutions,Oracle Forms/Reports
SIEBEL_FIND,Oracle Entreprise Solutions,Siebel
SIEBEL_FIND_FIELD,Oracle Entreprise Solutions,Siebel
SIEBEL_FIND_VIEW,Oracle Entreprise Solutions,Siebel
SIEBEL_FIND_PICKVIEW,Oracle Entreprise Solutions,Siebel
SIEBEL_BUSINESS_SERVICE,Oracle Entreprise Solutions,Siebel
SIEBEL_BUSSERV_METHOD,Oracle Entreprise Solutions,Siebel
SIEBEL_BUSSERV_METHOD_ARG,Oracle Entreprise Solutions,Siebel
SIEBEL_BUSINESS_SERVICE_SCRIPT,Oracle Entreprise Solutions,Siebel
SIEBEL_WEB_PAGE,Oracle Entreprise Solutions,Siebel
CAST_Forms_Trigger_Tab,Oracle Entreprise Solutions,Oracle Forms/Reports
SIEBEL_WEB_PAGE_ITEM,Oracle Entreprise Solutions,Siebel
SIEBEL_WEB_PAGE_ITEM_PARAMETER,Oracle Entreprise Solutions,Siebel
SIEBEL_CLASS_NULL,Oracle Entreprise Solutions,Siebel
SIEBEL_CLASS_ACTIVXCTRL,Oracle Entreprise Solutions,Siebel
SIEBEL_CLASS_APPLET,Oracle Entreprise Solutions,Siebel
CAST_Forms_AttachedLibrary,Oracle Entreprise Solutions,Oracle Forms/Reports
SIEBEL_CLASS_BUSCOMP,Oracle Entreprise Solutions,Siebel
SIEBEL_CLASS_DOCUMENT,Oracle Entreprise Solutions,Siebel
SIEBEL_CLASS_JAVA_APPLET,Oracle Entreprise Solutions,Siebel
SIEBEL_CLASS_REPORT,Oracle Entreprise Solutions,Siebel
SIEBEL_CLASS_SEARCH,Oracle Entreprise Solutions,Siebel
CAST_Forms_DataBlock_Tab,Oracle Entreprise Solutions,Oracle Forms/Reports
SIEBEL_CLASS_SERVICE,Oracle Entreprise Solutions,Siebel
FORMS_FULL_ANALYSIS,Oracle Entreprise Solutions,Oracle Forms/Reports
SIEBEL_METHOD,Oracle Entreprise Solutions,Siebel
SIEBEL_METHOD_MENU_ITEM,Oracle Entreprise Solutions,Siebel
SIEBEL_CLASS_SCRIPT,Oracle Entreprise Solutions,Siebel
SIEBEL_APPLET_SCRIPT,Oracle Entreprise Solutions,Siebel
SIEBEL_APPLET_BRS_SCRIPT,Oracle Entreprise Solutions,Siebel
SIEBEL_APPLET_WEBSCRIPT,Oracle Entreprise Solutions,Siebel
SIEBEL_BUSCOMP_SCRIPT,Oracle Entreprise Solutions,Siebel
SIEBEL_BUSCOMP_BRS_SCRIPT,Oracle Entreprise Solutions,Siebel
CAST_Forms_Module,Oracle Entreprise Solutions,Oracle Forms/Reports
CAST_Forms_ObjectLibraryTab,Oracle Entreprise Solutions,Oracle Forms/Reports
CAST_Forms_ObjectGroup,Oracle Entreprise Solutions,Oracle Forms/Reports
SIEBEL_TOOLBAR,Oracle Entreprise Solutions,Siebel
SIEBEL_LINK,Oracle Entreprise Solutions,Siebel
SIEBEL_DEST_FIELD,Oracle Entreprise Solutions,Siebel
SIEBEL_SRC_FIELD,Oracle Entreprise Solutions,Siebel
SIEBEL_PR_ID_FIELD,Oracle Entreprise Solutions,Siebel
SIEBEL_WORKFLOW,Oracle Entreprise Solutions,Siebel
SIEBEL_PROCESS,Oracle Entreprise Solutions,Siebel
CAST_Forms_ObjectGroup_Tab,Oracle Entreprise Solutions,Oracle Forms/Reports
SIEBEL_PROCESS_PROP,Oracle Entreprise Solutions,Siebel
Siebel_Environment,Oracle Entreprise Solutions,Siebel
CAST_Forms_DataBlockItem_Tab,Oracle Entreprise Solutions,Oracle Forms/Reports
Siebel_Module,Oracle Entreprise Solutions,Siebel
Siebel_DisplayType,Oracle Entreprise Solutions,Siebel
SIEBEL_T_DATA_INTERSECTION,Oracle Entreprise Solutions,Siebel
SIEBEL_T_DATA_PRIVATE,Oracle Entreprise Solutions,Siebel
SIEBEL_T_DATA_PUBLIC,Oracle Entreprise Solutions,Siebel
SIEBEL_T_DICTIONARY,Oracle Entreprise Solutions,Siebel
SIEBEL_T_EXTENSION,Oracle Entreprise Solutions,Siebel
SIEBEL_T_EXTENSION_SIEBEL,Oracle Entreprise Solutions,Siebel
SIEBEL_T_EXTERNAL,Oracle Entreprise Solutions,Siebel
SIEBEL_T_EXTERNAL_VIEW,Oracle Entreprise Solutions,Siebel
SIEBEL_T_INTERFACE,Oracle Entreprise Solutions,Siebel
CAST_Forms_MenuItem_Tab,Oracle Entreprise Solutions,Oracle Forms/Reports
SIEBEL_T_LOG,Oracle Entreprise Solutions,Siebel
SIEBEL_T_REPOSITORY,Oracle Entreprise Solutions,Siebel
SIEBEL_T_VIRTUAL_TABLE,Oracle Entreprise Solutions,Siebel
SIEBEL_T_WAREHOUSE,Oracle Entreprise Solutions,Siebel
SIEBEL_T_UNKNOWN_TYPE,Oracle Entreprise Solutions,Siebel
SIEBEL_COLUMN,Oracle Entreprise Solutions,Siebel
SIEBEL_INDEX,Oracle Entreprise Solutions,Siebel
SIEBEL_INDEX_COLUMN,Oracle Entreprise Solutions,Siebel
SIEBEL_BUSCOMP,Oracle Entreprise Solutions,Siebel
SIEBEL_FIELD,Oracle Entreprise Solutions,Siebel
SIEBEL_MV_FIELD,Oracle Entreprise Solutions,Siebel
SIEBEL_MV_LINK,Oracle Entreprise Solutions,Siebel
SIEBEL_JOIN,Oracle Entreprise Solutions,Siebel
SIEBEL_JOINSPEC,Oracle Entreprise Solutions,Siebel
SIEBEL_PICKMAP,Oracle Entreprise Solutions,Siebel
SIEBEL_SYSTEM_FIELD,Oracle Entreprise Solutions,Siebel
SIEBEL_IMPLICIT_JOIN,Oracle Entreprise Solutions,Siebel
SIEBEL_PICKLIST,Oracle Entreprise Solutions,Siebel
SIEBEL_BUSOBJ,Oracle Entreprise Solutions,Siebel
SIEBEL_BOCOMP,Oracle Entreprise Solutions,Siebel
SIEBEL_WEB_TMPL_APPL_TMPL,Oracle Entreprise Solutions,Siebel
CAST_Forms_Menu_Tab,Oracle Entreprise Solutions,Oracle Forms/Reports
SIEBEL_WEB_TMPL_APPL_TMPL_CHART,Oracle Entreprise Solutions,Siebel
SIEBEL_WEB_TMPL_APPL_TMPL_FORM,Oracle Entreprise Solutions,Siebel
SIEBEL_WEB_TMPL_APPL_TMPL_GRID,Oracle Entreprise Solutions,Siebel
SIEBEL_WEB_TMPL_APPL_TMPL_LIST,Oracle Entreprise Solutions,Siebel
SIEBEL_WEB_TMPL_APPL_TMPL_SPE,Oracle Entreprise Solutions,Siebel
SIEBEL_WEB_TMPL_APPL_TMPL_TREE,Oracle Entreprise Solutions,Siebel
SIEBEL_WEB_TMPL_VIEW_TMPL,Oracle Entreprise Solutions,Siebel
SIEBEL_WEB_TMPL_WEB_P_TMPL,Oracle Entreprise Solutions,Siebel
SIEBEL_WEBTEMPLATE_FILE,Oracle Entreprise Solutions,Siebel
SIEBEL_APPLET_ASSO_LIST,Oracle Entreprise Solutions,Siebel
SIEBEL_APPLET_DETAIL,Oracle Entreprise Solutions,Siebel
SIEBEL_APPLET_MVG,Oracle Entreprise Solutions,Siebel
SIEBEL_APPLET_PICK_LIST,Oracle Entreprise Solutions,Siebel
SIEBEL_APPLET_PLAYBAR,Oracle Entreprise Solutions,Siebel
SIEBEL_APPLET_STD,Oracle Entreprise Solutions,Siebel
SIEBEL_APPLET_TASK,Oracle Entreprise Solutions,Siebel
SIEBEL_APPLET_NULL,Oracle Entreprise Solutions,Siebel
UDBDISTINCTUDT,SQL,SQL
CAST_Oracle_View,SQL,SQL
CAST_Oracle_ForeignKeyConstraint,SQL,SQL
CAST_Oracle_UniqueConstraint,SQL,SQL
CAST_Oracle_PrimaryKeyConstraint,SQL,SQL
CAST_Oracle_TableColumn,SQL,SQL
CAST_Oracle_DefaultConstraint,SQL,SQL
CAST_Oracle_Instance,SQL,SQL
CAST_Oracle_ObjectTable,SQL,SQL
CAST_Oracle_RelationalTable,SQL,SQL
DB2_DYNAMIC_PROJECT,SQL,SQL
CAST_Oracle_ExternalSchema,SQL,SQL
CAST_Oracle_CheckConstraint,SQL,SQL
CAST_Oracle_Schema,SQL,SQL
CAST_Oracle_BitmapIndex,SQL,SQL
SAPView,SQL,SQL
CAST_Oracle_Event_Trigger,SQL,SQL
CAST_Oracle_FunctionBasedIndex,SQL,SQL
SAPTable,SQL,SQL
CAST_Oracle_Index,SQL,SQL
CAST_Oracle_Sequence,SQL,SQL
CAST_ABAP_SAPTableColumn,SQL,SQL
CAST_Oracle_DML_Trigger,SQL,SQL
CAST_ABAP_SAPTablePrimaryKey,SQL,SQL
CAST_ABAP_SAPTableForeignKey,SQL,SQL
CAST_ABAP_SAPTableIndex,SQL,SQL
CAST_Oracle_MaterializedView,SQL,SQL
CAST_Oracle_ViewColumn,SQL,SQL
SYNONYM,SQL,SQL
TYPE,SQL,SQL
CAST_Oracle_PrivateSynonym,SQL,SQL
SQL_SCHEMA,SQL,SQL
SQL_DBLINK,SQL,SQL
SYSTEM,SQL,SQL
STRUCTUDT,SQL,SQL
SQL_RULE,SQL,SQL
ALIAS,SQL,SQL
DEFAULT,SQL,SQL
CAST_Oracle_PublicSynonym,SQL,SQL
CAST_Oracle_DatabaseLink,SQL,SQL
SQL_UDT,SQL,SQL
CAST_TSQL_UDT_TABLE,SQL,SQL
NICKNAME,SQL,SQL
UDBINSTANCE,SQL,SQL
CAST_Oracle_PackageBody,SQL,SQL
SQL_COLUMN,SQL,SQL
SUBPROCHEADER,SQL,SQL
UDBSCHEMA,SQL,SQL
SUBFUNCHEADER,SQL,SQL
CAST_Oracle_PrivateFunction,SQL,SQL
SUBCURSORHEADER,SQL,SQL
CAST_Oracle_Function,SQL,SQL
SQLScriptProject,SQL,SQL
SUBVARIABLEHEADER,SQL,SQL
CAST_Oracle_PrivateProcedure,SQL,SQL
CAST_Oracle_Procedure,SQL,SQL
CAST_Oracle_PackageHeader,SQL,SQL
CAST_Oracle_DDL_Trigger,SQL,SQL
MSSERVER,SQL,SQL
SNAPSHOT,SQL,SQL
SNAPSHOTLOG,SQL,SQL
TYPEBODY,SQL,SQL
CAST_SAP_MethodSQLScriptFunction,SQL,SQL
CAST_SAP_MethodSQLScriptProcedure,SQL,SQL
PLSQLANALYSE,SQL,SQL
PLSQLFILE,SQL,SQL
CAST_NodeJS_MongoDB_Connection,NoSQL,MongoDB
CAST_NodeJS_MongoDB_Collection,NoSQL,MongoDB
CAST_NodeJS_CosmosDB_Unknown_Client,NoSQL,CosmosDB
CAST_ASETSQL_DML_Trigger,SQL,SQL
CAST_ASETSQL_UniqueConstraint,SQL,SQL
CAST_ASETSQL_ForeignKeyConstraint,SQL,SQL
CAST_ASETSQL_PrimaryKeyConstraint,SQL,SQL
CAST_ASETSQL_Index,SQL,SQL
CAST_NodeJS_Unknown_MongoDB_Connection,NoSQL,MongoDB
CAST_Java_Unknown_Elasticsearch_Cluster,NoSQL,Elasticsearch
CAST_Java_Unknown_Elasticsearch_Index,NoSQL,Elasticsearch
CAST_NodeJS_Elasticsearch_Index,NoSQL,Elasticsearch
CAST_Java_Elasticsearch_Index,NoSQL,Elasticsearch
CAST_NodeJS_Elasticsearch_Unknown_Index,NoSQL,Elasticsearch
CAST_NodeJS_Unknown_Redis_Connection,NoSQL,Redis
CAST_Java_Couchbase_Bucket,NoSQL,Couchbase
CAST_NodeJS_Elasticsearch_Unknown_Cluster,NoSQL,Elasticsearch
CAST_NodeJS_Redis_Collection,NoSQL,Redis
CAST_NodeJS_Redis_Connection,NoSQL,Redis
CAST_Java_Unknown_Memcached_Data,NoSQL,Memcached
CAST_Java_Elasticsearch_Cluster,NoSQL,Elasticsearch
CAST_Java_Unknown_Memcached_Connection,NoSQL,Memcached
CAST_NodeJS_CouchDB_Database,NoSQL,CouchDB
CAST_Java_Memcached_Data,NoSQL,Memcached
CAST_Java_Unknown_Couchbase_Bucket,NoSQL,Couchbase
CAST_NodeJS_Unknown_Redis_Collection,NoSQL,Redis
CAST_Java_Unknown_CosmosDB_Collection,NoSQL,CosmosDB
CAST_Java_Memcached_Connection,NoSQL,Memcached
CAST_NodeJS_Elasticsearch_Cluster,NoSQL,Elasticsearch
CAST_Java_Couchbase_Cluster,NoSQL,Couchbase
CAST_Java_Unknown_CosmosDB_Database,NoSQL,CosmosDB
CAST_Java_CosmosDB_Collection,NoSQL,CosmosDB
CAST_Java_CosmosDB_Database,NoSQL,CosmosDB
CAST_Java_Unknown_DynamoDB_Table,NoSQL,DynamoDB
CAST_Java_Unknown_Redis_Connection,NoSQL,Redis
CAST_Java_Unknown_Redis_Collection,NoSQL,Redis
CAST_Java_Unknown_Couchbase_Cluster,NoSQL,Couchbase
CAST_Java_Unknown_DynamoDB_Client,NoSQL,DynamoDB
CAST_Java_Redis_Connection,NoSQL,Redis
CAST_Java_DynamoDB_Client,NoSQL,DynamoDB
CAST_Java_Unknown_CouchDB_Database,NoSQL,CouchDB
CAST_Java_Redis_Collection,NoSQL,Redis
CAST_Java_Unknown_CouchDB_Collection,NoSQL,CouchDB
CAST_Java_MarkLogic_Database,NoSQL,MarkLogic
CAST_Java_Unknown_CouchDB_Connection,NoSQL,CouchDB
CAST_Java_Unknown_MongoDB_Collection,NoSQL,MongoDB
CAST_Java_CouchDB_Collection,NoSQL,CouchDB
CAST_Java_CouchDB_Database,NoSQL,CouchDB
CAST_Java_Unknown_MongoDB_Database,NoSQL,MongoDB
CAST_Java_CouchDB_Connection,NoSQL,CouchDB
CAST_Java_Unknown_MarkLogic_Collection,NoSQL,MarkLogic
CAST_Java_MarkLogic_Collection,NoSQL,MarkLogic
CAST_Java_Unknown_MarkLogic_Database,NoSQL,MarkLogic
CAST_Java_DynamoDB_Table,NoSQL,DynamoDB
CAST_Java_MongoDB_Database,NoSQL,MongoDB
CAST_AST_ANSISQL_AnonymousDatatype,SQL,SQL
CAST_NodeJS_DynamoDB_Endpoint,NoSQL,DynamoDB
CAST_NodeJS_Memcached_Value,NoSQL,Memcached
CAST_NodeJS_Unknown_MongoDB_Collection,NoSQL,MongoDB
CAST_NodeJS_Memcached_Connection,NoSQL,Memcached
CAST_NodeJS_CosmosDB_Database,NoSQL,CosmosDB
CAST_NodeJS_DynamoDB_Table,NoSQL,DynamoDB
CAST_NodeJS_CosmosDB_Unknown_Database,NoSQL,CosmosDB
CAST_NodeJS_CosmosDB_Unknown_Collection,NoSQL,CosmosDB
CAST_NodeJS_CosmosDB_Client,NoSQL,CosmosDB
CAST_NodeJS_CosmosDB_Collection,NoSQL,CosmosDB
CAST_Java_MongoDB_Collection,NoSQL,MongoDB
CAST_Java_MongoDB_Connection,NoSQL,MongoDB
CAST_Java_Unknown_MongoDB_Connection,NoSQL,MongoDB
TSQL_DYNAMIC_PROJECT,SQL,SQL
CAST_ASETSQL_JFunction,SQL,SQL
TYPEHEADER,SQL,SQL
CAST_ASETSQL_Procedure,SQL,SQL
TYPEPACKAGEHEADER,SQL,SQL
CAST_ASETSQL_ViewColumn,SQL,SQL
ORACLESERVER,SQL,SQL
CAST_ASETSQL_View,SQL,SQL
CAST_ASETSQL_TableColumn,SQL,SQL
CAST_ASETSQL_RelationalTable,SQL,SQL
DATABASE,SQL,SQL
CAST_ASETSQL_ExternalInstance,SQL,SQL
USERMSG,SQL,SQL
CAST_ANSISQL_UnresolvedColumn,SQL,SQL
CAST_ASETSQL_ExternalDatabase,SQL,SQL
CAST_ASETSQL_ExternalSchema,SQL,SQL
CAST_ASETSQL_Schema,SQL,SQL
CAST_ASETSQL_Database,SQL,SQL
CAST_ASETSQL_Instance,SQL,SQL
TYPEATTRIBUTE,SQL,SQL
CAST_SQL_ASETSQL_ExternalProject,SQL,SQL
CAST_SQL_ASETSQL_Project,SQL,SQL
CAST_ANSISQL_Domain,SQL,SQL
CAST_MSTSQL_ForeignKeyConstraint,SQL,SQL
CAST_ANSISQL_Owner,SQL,SQL
CAST_MSTSQL_DML_Trigger,SQL,SQL
CAST_MSTSQL_UniqueConstraint,SQL,SQL
CAST_MSTSQL_PrimaryKeyConstraint,SQL,SQL
CAST_Oracle_Cursor,SQL,SQL
CAST_SQL_MSTSQL_ExternalProject,SQL,SQL
CAST_MSTSQL_RelationalTable,SQL,SQL
CAST_MSTSQL_Procedure,SQL,SQL
CAST_MSTSQL_ExternalInstance,SQL,SQL
CAST_MSTSQL_Function,SQL,SQL
CAST_MSTSQL_ViewColumn,SQL,SQL
CAST_MSTSQL_View,SQL,SQL
CAST_MSTSQL_TableColumn,SQL,SQL
CAST_MSTSQL_ExternalDatabase,SQL,SQL
CAST_MSTSQL_Index,SQL,SQL
CAST_SQL_PLSQL_Project,SQL,SQL
CAST_MSTSQL_Schema,SQL,SQL
CAST_MSTSQL_Database,SQL,SQL
CAST_SQL_PLSQL_ExternalProject,SQL,SQL
CAST_MSTSQL_Instance,SQL,SQL
CAST_MSTSQL_ExternalSchema,SQL,SQL
CAST_SQL_MSTSQL_Project,SQL,SQL
CAST_ANSISQL_ExternalObject,SQL,SQL
FormsScriptPackage,SQL,SQL
FormsScriptFunction,SQL,SQL
FormsScriptProcedure,SQL,SQL
SQLScriptProcedureSynonym,SQL,SQL
SQLScriptPackageSynonym,SQL,SQL
SQLScriptFunction,SQL,SQL
SQLScriptViewSynonym,SQL,SQL
SQLScriptFunctionSynonym,SQL,SQL
SQLScriptTableSynonym,SQL,SQL
SQLScriptMethod,SQL,SQL
SQLScriptType,SQL,SQL
SQLScriptMacro,SQL,SQL
SQLScriptUniqueConstraint,SQL,SQL
SQLScriptEvent,SQL,SQL
SQLScriptTypeSynonym,SQL,SQL
SQLScriptSynonym,SQL,SQL
SQLScriptPackage,SQL,SQL
SQLScriptForeignKey,SQL,SQL
SQLScriptTrigger,SQL,SQL
SQLScriptView,SQL,SQL
SQLScriptTableColumn,SQL,SQL
SQLScriptProcedure,SQL,SQL
SQLScriptIndex,SQL,SQL
CAST_DB2ZOS_ExternalSchema,SQL,SQL
SQLScriptTable,SQL,SQL
SQLScriptDML,SQL,SQL
SQLScriptSchema,SQL,SQL
SQLScriptDatabase,SQL,SQL
CAST_Oracle_ObjectTypeBody,SQL,SQL
CAST_Oracle_ObjectTypeIncomplete,SQL,SQL
CAST_Oracle_ObjectType,SQL,SQL
CAST_Oracle_CollectionNestedTable,SQL,SQL
CAST_Oracle_CollectionVarray,SQL,SQL
CAST_SQL_UnresolvedTableSource,SQL,SQL
CAST_SQL_UnresolvedProcedure,SQL,SQL
CAST_SQL_UnresolvedServer,SQL,SQL
CAST_SQL_UnresolvedSchema,SQL,SQL
SQL_TABLE,SQL,SQL
SQL_PROC,SQL,SQL
SQL_TRIGGER,SQL,SQL
CAST_SQL_UnresolvedFunction,SQL,SQL
SQL_INDEX,SQL,SQL
SQUARELATION,SQL,SQL
VIEW,SQL,SQL
SQL_FUNCTION,SQL,SQL
CLUSTER,SQL,SQL
SQL_SEQUENCE,SQL,SQL
SQL_PACKAGE,SQL,SQL
PACKAGEBODY,SQL,SQL
FormsScriptTrigger,SQL,SQL
FormsScriptModule,SQL,SQL
FormsScriptDataBlock,SQL,SQL
SQLScriptDatabaseLink,SQL,SQL
SQLScriptUnresolvedTable,SQL,SQL
SQLScriptUnresolvedSchema,SQL,SQL
SQLScriptUnresolvedFunction,SQL,SQL
FormsScriptDataBlockItem,SQL,SQL
UDBDATABASE,SQL,SQL
DB2ANALYZE,SQL,SQL
PLCErrorBlock,IBM PL/1,PL/1
PLCFunction,IBM PL/1,PL/1
PLCProcedure,IBM PL/1,PL/1
PLCFileStructure,IBM PL/1,PL/1
PLCMainProcedure,IBM PL/1,PL/1
PLCProject,IBM PL/1,PL/1
PLCDB2Table,IBM PL/1,PL/1
PLCInclude,IBM PL/1,PL/1
PLIMainProcedure,IBM PL/1,PL/1
PLIErrorBlock,IBM PL/1,PL/1
PLIProcedure,IBM PL/1,PL/1
PLIProcSubscriptedVar,IBM PL/1,PL/1
PLIWhenCall,IBM PL/1,PL/1
PLIDB2Table,IBM PL/1,PL/1
PLIFileStructure,IBM PL/1,PL/1
PLIFunction,IBM PL/1,PL/1
PLIProcDOVar,IBM PL/1,PL/1
PLIProject,IBM PL/1,PL/1
CL400Subroutine,IBM System i,RPG
DB400Joinstructure,IBM System i,RPG
DB400Project,IBM System i,RPG
DB400PhysicalFile,IBM System i,RPG
DB400Recordstructure,IBM System i,RPG
DB400LogicalFile,IBM System i,RPG
DB400Table,IBM System i,RPG
RPG400Rule,IBM System i,RPG
RPG400FileDiskRecord,IBM System i,RPG
RPG400CopyProgram,IBM System i,RPG
RPG400Program,IBM System i,RPG
RPG400ProcedureFF,IBM System i,RPG
RPG400FileSpecial,IBM System i,RPG
RPG400Module,IBM System i,RPG
RPG400ProcedurePrototype,IBM System i,RPG
RPG400SQLStructure,IBM System i,RPG
RPG400FileSeq,IBM System i,RPG
RPG400SubroutineFF,IBM System i,RPG
RPG400Subroutine,IBM System i,RPG
RPG400Procedure,IBM System i,RPG
RPG400FileWorkstn,IBM System i,RPG
CL400Program,IBM System i,RPG
CL400Project,IBM System i,RPG
DDS400Project,IBM System i,RPG
DDS400DSPFFile,IBM System i,RPG
DDS400Joinstructure,IBM System i,RPG
DDS400RecordstructurePF,IBM System i,RPG
DDS400Section,IBM System i,RPG
DDS400PRTFFile,IBM System i,RPG
DDS400PhysicalFile,IBM System i,RPG
DDS400LogicalFile,IBM System i,RPG
DDS400RecordstructureLF,IBM System i,RPG
DB400Record,IBM System i,RPG
DB400Library,IBM System i,RPG
DB400Index,IBM System i,RPG
MENUBar,IBM System i,RPG
DB400View,IBM System i,RPG
MENUProject,IBM System i,RPG
MENUItem,IBM System i,RPG
RPG400FilePrinter,IBM System i,RPG
RPG400MainSubroutine,IBM System i,RPG
RPG400BoundServiceProgram,IBM System i,RPG
RPG300Project,IBM System i,RPG
RPG300FileSpecial,IBM System i,RPG
RPG400FileDisk,IBM System i,RPG
RPG300Program,IBM System i,RPG
RPG300MainSubroutine,IBM System i,RPG
RPG300FilePrinter,IBM System i,RPG
RPG300FileWorkstn,IBM System i,RPG
RPG300FileDisk,IBM System i,RPG
RPG300Subroutine,IBM System i,RPG
RPG300FileSeq,IBM System i,RPG
RPG300CopyProgram,IBM System i,RPG
RPG300FileDiskRecord,IBM System i,RPG
RPG300Rule,IBM System i,RPG
RPG400Project,IBM System i,RPG
FortranSTATVariable,Fortran,Fortran
FortranInternalFunction,Fortran,Fortran
FortranExternalFunction,Fortran,Fortran
FortranIfConstruct,Fortran,Fortran
FortranIOSTATVariable,Fortran,Fortran
FortranInternalSubroutine,Fortran,Fortran
FortranDoConstruct,Fortran,Fortran
FortranInterface,Fortran,Fortran
FortranSelectCase,Fortran,Fortran
FortranModule,Fortran,Fortran
FortranProgram,Fortran,Fortran
FortranExternalSubroutine,Fortran,Fortran
FortranProject,Fortran,Fortran
CAST_Servlet_PutOperation,Java/JEE,Servlet
CAST_Servlet_PostOperation,Java/JEE,Servlet
CAST_Servlet_AnyOperation,Java/JEE,Servlet
CAST_Servlet_GetOperation,Java/JEE,Servlet
CAST_Servlet_DeleteOperation,Java/JEE,Servlet
CAST_Java_Applet,Java/JEE,Java
SOAP_JV_PORTTYPE,Java/JEE,SOAP
SOAP_JV_SERVICE,Java/JEE,SOAP
SOAP_JV_CLIENT_SERVICE,Java/JEE,SOAP
CAST_JEE_Spring_Batch_Job,Java/JEE,Spring Batch
CAST_Java_CallTo_AWS_Lambda,Java/JEE,Java
SOAP_JV_CLIENT_ENDPOINT,Java/JEE,SOAP
SOAP_JV_OPERATION,Java/JEE,SOAP
CAST_JEE_Spring_Batch_Step,Java/JEE,Spring Batch
HIB_ENTITY_PROPERTY,Java/JEE,Hibernate
JSP_BEAN_TILES_DEF,Java/JEE,JSP
SOAP_JV_CLIENT_OPERATION,Java/JEE,SOAP
JPA_ENTITY,Java/JEE,JPA
CAST_AWSJava_GetOperation,Java/JEE,AWS Java
HIB_HQL_NAMED_QUERY,Java/JEE,Hibernate
CAST_AWSJava_AnyOperation,Java/JEE,AWS Java
SPRING_BEANS_FILE,Java/JEE,JEE
SPRING_BEAN,Java/JEE,Spring
CAST_AWSJava_PostOperation,Java/JEE,AWS Java
HIB_SQL_NAMED_QUERY,Java/JEE,Hibernate
JPA_ORM_CONFIG_FILE,Java/JEE,JPA
JSP_FILE_TEMPLATE,Java/JEE,JSP
HIB_ENTITY,Java/JEE,Hibernate
CAST_AWSJava_DeleteOperation,Java/JEE,AWS Java
JSP_TILES_DEF_FILE,Java/JEE,JSP
CAST_AWSJava_PutOperation,Java/JEE,AWS Java
HIB_MAPPING_FILE,Java/JEE,Hibernate
JSP_BEAN_PROP_TILES_DEF_ATTRIBUTE,Java/JEE,JSP
SPRING_VIEW,Java/JEE,Spring
SPRING_CONTROLLER,Java/JEE,Spring
HIB_CONFIG_FILE,Java/JEE,Hibernate
XML_BEAN,Java/JEE,JEE
CAST_JEE_SpringBeanProperty,Java/JEE,JEE
JV_FILE,Java/JEE,Java
JV_IMPORT,Java/JEE,Java
CAST_Java_LocalVariable,Java/JEE,Java
JV_PROJECT,Java/JEE,Java
JV_PACKAGE,Java/JEE,Java
JV_CLASS,Java/JEE,Java
JV_GENERIC_CLASS,Java/JEE,Java
JV_INST_CLASS,Java/JEE,Java
JV_TYPEPARAM,Java/JEE,Java
JV_ENUM,Java/JEE,Java
JV_ENUM_ITEM,Java/JEE,Java
JV_CTOR,Java/JEE,Java
JV_GENERIC_CTOR,Java/JEE,Java
JV_INST_CTOR,Java/JEE,Java
JV_METHOD,Java/JEE,Java
JV_GENERIC_METHOD,Java/JEE,Java
JV_INST_METHOD,Java/JEE,Java
JV_FIELD,Java/JEE,Java
JV_INTERFACE,Java/JEE,Java
JV_GENERIC_INTERFACE,Java/JEE,Java
JV_INST_INTERFACE,Java/JEE,Java
JV_INIT,Java/JEE,Java
CAST_Java_AnnotationType,Java/JEE,Java
CAST_Java_AnnotationTypeMethod,Java/JEE,Java
JSP_APP,Java/JEE,JSP
CAST_JAXRS_GetOperation,Java/JEE,JAXRS
CAST_JAXRS_PutOperation,Java/JEE,JAXRS
CAST_SpringSecurity_Configuration,Java/JEE,Java
JV_APPLET,Java/JEE,Java
JPA_PERSISTENCE_UNIT,Java/JEE,JPA
JSF_FACES_CONFIG_FILE,Java/JEE,JSF
CAST_JAXRS_Service,Java/JEE,JAXRS
JPA_NAMED_NATIVE_QUERY,Java/JEE,JPA
CAST_JAXRS_Port,Java/JEE,JAXRS
CAST_JAXRS_PostOperation,Java/JEE,JAXRS
JPA_EMBEDDABLE_PROPERTY,Java/JEE,JPA
JPA_NAMED_QUERY,Java/JEE,JPA
JPA_SQL_RESULT_SET,Java/JEE,JPA
JPA_PERS_CONFIG_FILE,Java/JEE,JPA
JSP_APPDESCRIPTOR,Java/JEE,JSP
CAST_JAXRS_DeleteOperation,Java/JEE,JAXRS
CAST_SpringWebFlow_State,Java/JEE,Spring Web Flow
CAST_JAXRS_GetResourceService,Java/JEE,JAXRS
CAST_Struts_ParamInterceptor,Java/JEE,Struts
CAST_Struts_FormValidator,Java/JEE,Struts
JSP_GENERIC,Java/JEE,JSP
JSP_SERVLET,Java/JEE,JSP
JPA_ENTITY_PROPERTY,Java/JEE,JPA
JPA_EMBEDDABLE,Java/JEE,JPA
CAST_Java_Service_CallToPatch2,Java/JEE,Java
CAST_Java_Service_CallToPost,Java/JEE,Java
CAST_Java_Service_CallToGet,Java/JEE,Java
CAST_Java_Service_CallToPut,Java/JEE,Java
CAST_Java_Service_CallToDelete,Java/JEE,Java
CAST_RabbitMQ_Java_Exchange,Java/JEE,Java
CAST_NodeJS_Java_Call,Java/JEE,Java
JSP_STXX_TRANSFORM,Java/JEE,JSP
CAST_Struts_Operation,Java/JEE,Struts
CAST_Struts_PostOperation,Java/JEE,Struts
CAST_Struts_GetOperation,Java/JEE,Struts
CAST_Batch_Job,Java/JEE,CAST_Batch
CAST_Batch_Step,Java/JEE,CAST_Batch
CAST_JEE_StrutsAction,Java/JEE,Struts
CAST_JEE_Annotation_file,Java/JEE,JEE
JSP_PROPERTY_MAPPING,Java/JEE,JSP
CAST_JEE_StrutsInterceptor,Java/JEE,Struts
CAST_JEE_StrutsFilter,Java/JEE,Struts
STRUTS_CONFIG_FILE,Java/JEE,JEE
CAST_JEE_Struts2_ConfigurationFile,Java/JEE,Struts
JSP_XMLCONFIG_FILE,Java/JEE,JSP
CAST_JEE_StrutsInterceptorStack,Java/JEE,Struts
CAST_JEE_StrutsPackage,Java/JEE,Struts
CAST_JEE_StrutsResult,Java/JEE,Struts
JSP_ACTION_MAPPING,Java/JEE,JSP
FORM_VALIDATION_FILE,Java/JEE,JEE
JSP_ATTRIBUTES_SCOPE,Java/JEE,JSP
CAST_JEE_StrutsValidator,Java/JEE,Struts
CAST_ActiveMQ_Java_QueueCall,Java/JEE,Java
CAST_RabbitMQ_Java_Queue,Java/JEE,Java
CAST_IBMMQ_Java_QueueReceive,Java/JEE,Java
CAST_ActiveMQ_Java_QueueReceive,Java/JEE,Java
CAST_IBMMQ_Java_QueueCall,Java/JEE,Java
CAST_JMS_Java_TopicReceive,Java/JEE,Java
CAST_JMS_Java_Unknown_QueueReceive,Java/JEE,Java
CAST_JMS_Java_TopicCall,Java/JEE,Java
CAST_JMS_Java_Unknown_TopicReceive,Java/JEE,Java
CAST_JMS_Java_Unknown_QueueCall,Java/JEE,Java
CAST_SpringMVC_AnyOperation,Java/JEE,Spring MVC
CAST_JMS_Java_Unknown_TopicCall,Java/JEE,Java
CAST_JMS_Java_QueueReceive,Java/JEE,Java
CAST_Thymeleaf_PostResourceService,Java/JEE,Thymeleaf
CAST_JMS_Java_QueueCall,Java/JEE,Java
CAST_Thymeleaf_DeleteResourceService,Java/JEE,Thymeleaf
CAST_SpringMVC_GetOperation,Java/JEE,Spring MVC
CAST_SpringMVC_PostOperation,Java/JEE,Spring MVC
CAST_SpringMVC_Port,Java/JEE,Spring MVC
CAST_SpringMVC_DeleteOperation,Java/JEE,Spring MVC
CAST_SpringMVC_PutOperation,Java/JEE,Spring MVC
CAST_SpringMVC_Service,Java/JEE,Spring MVC
CAST_Thymeleaf_GetResourceService,Java/JEE,Thymeleaf
CAST_Thymeleaf_PutResourceService,Java/JEE,Thymeleaf
JSF_MANAGED_BEAN,Java/JEE,JSF
JSP_STXX_TRANSFORMS_FILE,Java/JEE,JSP
JSF_VALIDATOR,Java/JEE,JSF
JSF_INPUT_FIELD,Java/JEE,JSF
JSF_CONVERTER,Java/JEE,JSF
JSF_OUTCOME,Java/JEE,JSF
JSF_VIEW_ID_PATTERN,Java/JEE,JSF
JSP_STXX_PIPELINE,Java/JEE,JSP
JSP_FORWARD,Java/JEE,JSP
STRUTS_FORM_BEAN,Java/JEE,JEE
CAST_HTML5_JSP_Content,Java/JEE,JSP
CAST_HTML5_JEE_Struts_Action_Access,Java/JEE,Struts
JSP_TAG,Java/JEE,JSP
JSP_TAG_ATTR,Java/JEE,JSP
JSP_ELFUNCTION,Java/JEE,JSP
CAST_SpringData_UnknownTable,Java/JEE,Spring Data
JV_EJB_ENTITY,Java/JEE,Java
JV_EJB_SESSION,Java/JEE,Java
JV_EJB_MESSAGE,Java/JEE,Java
CAST_JEE_SINGLETON,Java/JEE,Java
JSP_PROPERTIES_FILE,Java/JEE,JSP
CDI_BEAN,Java/JEE,CDI
CAST_Java2Program_JavaCall,Java/JEE,Java
CAST_Java2Program_GeneralCall,Java/JEE,Java
VALIDATION_FORMS_SET,Java/JEE,JEE
CAST_HYBRIS_GetHttpRequestService,Java/JEE,HYBRIS
CAST_HYBRIS_PutHttpRequestService,Java/JEE,HYBRIS
CAST_HYBRIS_PostHttpRequestService,Java/JEE,HYBRIS
CAST_HYBRIS_DeleteHttpRequestService,Java/JEE,HYBRIS
CAST_Java_Web_XML,Java/JEE,Java
JSP_SERVLET_MAPPING,Java/JEE,JSP
JSP_BEAN,Java/JEE,JSP
JSP_TAG_LIB,Java/JEE,JSP
JSP_BEAN_PROP,Java/JEE,JSP
JV_JDO_GROUP,Java/JEE,Java
JV_JDO,Java/JEE,Java
CAST_AWSJava_AWS_Lambda,Java/JEE,AWS Java
CAST_ApacheCamel_Unknown_RabbitMQ_QueueReceive,Java/JEE,Java
CAST_ApacheCamel_RabbitMQ_QueueCall,Java/JEE,Java
CAST_ApacheCamel_HTTP_PutOperation,Java/JEE,Java
CAST_ApacheCamel_IBM_QueueReceive,Java/JEE,Java
CAST_ApacheCamel_HTTP_GetOperation,Java/JEE,Java
CAST_ApacheCamel_RouteCall,Java/JEE,Java
CAST_ApacheCamel_HTTP_PostOperation,Java/JEE,Java
CAST_ApacheCamel_HTTP_AnyOperation,Java/JEE,Java
CAST_ApacheCamel_BeanCall,Java/JEE,Java
CAST_ApacheCamel_HTTP_DeleteOperation,Java/JEE,Java
CAST_ApacheCamel_JMS_QueueReceive,Java/JEE,Java
CAST_ApacheCamel_DatabaseQuery,Java/JEE,Java
CAST_ApacheCamel_ActiveMQ_QueueCall,Java/JEE,Java
CAST_ApacheCamel_ProcessCall,Java/JEE,Java
CAST_ApacheCamel_ActiveMQ_Queue_Receive,Java/JEE,Java
CAST_ApacheCamel_JMS_QueueCall,Java/JEE,Java
CAST_ApacheCamel_Route,Java/JEE,Java
CAST_ApacheCamel_RabbitMQ_QueueReceive,Java/JEE,Java
CAST_ApacheCamel_IBM_QueueCall,Java/JEE,Java
CAST_ApacheCamel_Unknown_IBM_QueueReceive,Java/JEE,Java
CAST_ApacheCamel_Unknown_JMS_QueueCall,Java/JEE,Java
CAST_ApacheCamel_Unknown_JMS_QueueReceive,Java/JEE,Java
CAST_ApacheCamel_Unknown_IBM_QueueCall,Java/JEE,Java
CAST_ApacheCamel_Unknown_ActiveMQ_QueueCall,Java/JEE,Java
CAST_ApacheCamel_Unknown_RabbitMQ_QueueCall,Java/JEE,Java
CAST_ApacheCamel_Unknown_ActiveMQ_QueueReceive,Java/JEE,Java
CAST_Java_CallTo_gRPC,Java/JEE,Java
CAST_Java_gRPC_Method,Java/JEE,Java
JV_EJB_GROUP,Java/JEE,Java
CAST_Java_Lambda,Java/JEE,Java
Spring_BatchModule,Java/JEE,Spring Batch
Spring_BatchJob,Java/JEE,Spring Batch
Spring_BatchStep,Java/JEE,Spring Batch
Spring_BatchProject,Java/JEE,Spring Batch
CAST_COBOL_SortDescription,IBM Mainframe zOS,Cobol
CAST_COBOL_SavedFileDescription,IBM Mainframe zOS,Cobol
CAST_COBOL_ExternalFilePrototype,IBM Mainframe zOS,Cobol
CAST_COBOL_Entry,IBM Mainframe zOS,Cobol
CAST_COBOL_SavedSection,IBM Mainframe zOS,Cobol
CAST_COBOL_SavedParagraph,IBM Mainframe zOS,Cobol
CAST_IMS_ProgramControlBlockPrototype,IBM Mainframe zOS,IMS
CAST_IMS_AnalyzedFile,IBM Mainframe zOS,IMS
CAST_IMS_TransactionFile,IBM Mainframe zOS,IMS
CAST_IMS_Transaction,IBM Mainframe zOS,IMS
CAST_IMS_MessageFormatService,IBM Mainframe zOS,IMS
CAST_IMS_MessageInputDescriptor,IBM Mainframe zOS,IMS
CAST_IMS_MessageOutputDescriptor,IBM Mainframe zOS,IMS
CAST_IMS_FilePrototype,IBM Mainframe zOS,IMS
COBOL_CICS_QUEUE,IBM Mainframe zOS,Cobol
COBOL_CICS_MAP,IBM Mainframe zOS,Cobol
COBOL_PSB,IBM Mainframe zOS,Cobol
COBOL_DBD,IBM Mainframe zOS,Cobol
COBOL_CICS_FILE,IBM Mainframe zOS,Cobol
JCL_PSB,IBM Mainframe zOS,JCL
JCL_PROGRAM,IBM Mainframe zOS,JCL
CAST_COBOL_Literal,IBM Mainframe zOS,Cobol
CAST_JCL_Project,IBM Mainframe zOS,JCL
CAST_JCL_Directory,IBM Mainframe zOS,JCL
CAST_JCL_RootDirectory,IBM Mainframe zOS,JCL
CAST_JCL_CatalogedJob,IBM Mainframe zOS,JCL
CAST_Mainframe_NotHandledType,IBM Mainframe zOS,Mainframe
CICS_FOLDER,IBM Mainframe zOS,CICS
CICS_CSDFILE,IBM Mainframe zOS,CICS
CICS_BMS,IBM Mainframe zOS,CICS
CICS_CSDGROUP,IBM Mainframe zOS,CICS
CICS_DATASET,IBM Mainframe zOS,CICS
CAST_CICS_DatasetPrototype,IBM Mainframe zOS,CICS
CAST_COBOL_SavedDeclarativesParagraph,IBM Mainframe zOS,Cobol
CAST_COBOL_SavedDeclarativesSection,IBM Mainframe zOS,Cobol
CICS_TRANSACTION,IBM Mainframe zOS,CICS
CAST_CICS_TransactionPrototype,IBM Mainframe zOS,Cobol
CICS_DB2TRANS,IBM Mainframe zOS,CICS
CAST_COBOL_SavedDivision,IBM Mainframe zOS,Cobol
CICS_MAPSET,IBM Mainframe zOS,CICS
CAST_CICS_MapSetPrototype,IBM Mainframe zOS,CICS
CICS_MAP,IBM Mainframe zOS,CICS
CAST_COBOL_SavedDeclaratives,IBM Mainframe zOS,Cobol
CAST_CICS_MapPrototype,IBM Mainframe zOS,CICS
CICS_TDQUEUE,IBM Mainframe zOS,CICS
CAST_CICS_TDQueuePrototype,IBM Mainframe zOS,CICS
CICS_TSMODEL,IBM Mainframe zOS,CICS
CAST_COBOL_Class,IBM Mainframe zOS,Cobol
CAST_COBOL_UtilityProgram,IBM Mainframe zOS,Cobol
CAST_COBOL_ProgramPrototype,IBM Mainframe zOS,Cobol
CAST_COBOL_NestedProgram,IBM Mainframe zOS,Cobol
CAST_COBOL_SavedProgram,IBM Mainframe zOS,Cobol
CAST_COBOL_Interface,IBM Mainframe zOS,Cobol
CAST_COBOL_Copybook,IBM Mainframe zOS,Cobol
CAST_JCL_CatalogedJobPrototype,IBM Mainframe zOS,JCL
CAST_IMS_Project,IBM Mainframe zOS,IMS
CAST_IMS_Folder,IBM Mainframe zOS,IMS
CAST_JCL_CatalogedProcedure,IBM Mainframe zOS,JCL
CAST_JCL_ProcedurePrototype,IBM Mainframe zOS,JCL
CAST_JCL_UtilityProcedure,IBM Mainframe zOS,JCL
CAST_IMS_SavedDatabase,IBM Mainframe zOS,IMS
CAST_IMS_DatabasePrototype,IBM Mainframe zOS,IMS
CAST_IMS_AnalyzedSegment,IBM Mainframe zOS,IMS
CAST_JCL_AnalyzedIncludedFile,IBM Mainframe zOS,JCL
CAST_IMS_SegmentPrototype,IBM Mainframe zOS,Cobol
CAST_JCL_IncludedFilePrototype,IBM Mainframe zOS,JCL
CAST_JCL_InstreamProcedure,IBM Mainframe zOS,JCL
CAST_JCL_Step,IBM Mainframe zOS,JCL
CAST_JCL_SQLQuery,IBM Mainframe zOS,JCL
CAST_IMS_AnalyzedProgramSpecificationBlock,IBM Mainframe zOS,IMS
CAST_IMS_ProgramSpecificationBlockPrototype,IBM Mainframe zOS,IMS
CAST_JCL_JCLToJava,IBM Mainframe zOS,JCL
CAST_IMS_DatabaseProgramControlBlock,IBM Mainframe zOS,IMS
CAST_IMS_GSAMProgramControlBlock,IBM Mainframe zOS,IMS
CAST_IMS_AlternateProgramControlBlock,IBM Mainframe zOS,IMS
CAST_COBOL_MQ_Publisher,IBM Mainframe zOS,Cobol
CAST_COBOL_MQ_Subscriber,IBM Mainframe zOS,Cobol
CAST_COBOL_GenericData,IBM Mainframe zOS,Cobol
CAST_COBOL_SavedConditionalTest,IBM Mainframe zOS,Cobol
CAST_COBOL_SavedConstantData,IBM Mainframe zOS,Cobol
CAST_Mainframe_Project,IBM Mainframe zOS,Mainframe
COBOL_PROJECT,IBM Mainframe zOS,Cobol
CAST_COBOL_Directory,IBM Mainframe zOS,Cobol
COBOL_ROOTDIRECTORY,IBM Mainframe zOS,Cobol
EGLDataTable,IBM Mainframe zOS,EGL
EGLReferencedProjects,IBM Mainframe zOS,EGL
EGLRecordColumn,IBM Mainframe zOS,EGL
EGLProgram,IBM Mainframe zOS,EGL
EGLForm,IBM Mainframe zOS,EGL
EGLRecordDeclaration,IBM Mainframe zOS,EGL
EGLFormGroup,IBM Mainframe zOS,EGL
EGLFunction,IBM Mainframe zOS,EGL
EGLProject,IBM Mainframe zOS,EGL
EGLRecord,IBM Mainframe zOS,EGL
EGLProjectDeclaration,IBM Mainframe zOS,EGL
EGLPackage,IBM Mainframe zOS,EGL
CAST_JCL_Index,IBM Mainframe zOS,JCL
CAST_JCL_Dataset,IBM Mainframe zOS,JCL
CICS_PROJECT,IBM Mainframe zOS,CICS
CAST_AngularJS_DeleteHttpService,Web,AngularJS
CAST_AngularJS_State,Web,AngularJS
CAST_TS_Angular_Component,Web,TS
CAST_AngularJS_WatchFunction,Web,AngularJS
CAST_VueJS_Post_Request_Service,Web,VueJS
CAST_VueJS_Put_Request_Service,Web,VueJS
CAST_VueJS_Get_Request_Service,Web,VueJS
CAST_TS_AWS_SQS_Unknown_Publisher,Web,TS
CAST_TS_AWS_SQS_Unknown_Receiver,Web,TS
CAST_TS_Function,Web,TS
CAST_TS_AWS_SQS_Publisher,Web,TS
CAST_TS_Namespace,Web,TS
CAST_TS_Class,Web,TS
CAST_TS_Method,Web,TS
CAST_ReactJS_Component,Web,ReactJS
CAST_TS_Interface,Web,TS
CAST_TS_Query,Web,TS
CAST_TS_SourceCode,Web,TS
CAST_TS_AWS_SQS_Receiver,Web,TS
CAST_NodeJS_External_Library,Web,NodeJS
CAST_NodeJS_Service,Web,NodeJS
CAST_NodeJS_GetOperation,Web,NodeJS
CAST_NodeJS_Folder,Web,NodeJS
CAST_NodeJS_PostOperation,Web,NodeJS
CAST_NodeJS_PutOperation,Web,NodeJS
CAST_NodeJS_DeleteOperation,Web,NodeJS
CAST_NodeJS_Mongoose_Connection,Web,NodeJS
CAST_NodeJS_UseOperation,Web,NodeJS
CAST_NodeJS_Mongoose_Model,Web,NodeJS
CAST_NodeJS_Port,Web,NodeJS
CAST_NodeJS_AWS_SQS_Receiver,Web,NodeJS
CAST_NodeJS_AWS_SQS_Unknown_Receiver,Web,NodeJS
CAST_NodeJS_AWS_SQS_Publisher,Web,NodeJS
CAST_NodeJS_AWS_SQS_Unknown_Publisher,Web,NodeJS
CAST_NodeJS_Collection,Web,NodeJS
CAST_NodeJS_Marklogic_Collection,Web,NodeJS
CAST_NodeJS_Unknown_Database_Table,Web,NodeJS
CAST_NodeJS_General_Call,Web,NodeJS
CAST_NodeJS_LoopbackApplication,Web,NodeJS
CAST_NodeJS_Marklogic_Database,Web,NodeJS
CAST_NodeJS_SQL_NamedQuery,Web,NodeJS
CAST_NodeJS_S3_Bucket,Web,NodeJS
CAST_NodeJS_Unknown_S3_Bucket,Web,NodeJS
CAST_NodeJS_Unknown_S3_Region,Web,NodeJS
CAST_TS_Angular_Directive,Web,TS
CAST_NodeJS_AWS_Lambda,Web,NodeJS
CAST_TS_PutNgHttpService,Web,TS
CAST_NodeJS_AWS_Lambda_Function_DELETE,Web,NodeJS
CAST_NodeJS_AWS_Lambda_Function_GET,Web,NodeJS
CAST_NodeJS_S3_Region,Web,NodeJS
CAST_NodeJS_AWS_Lambda_Function_PUT,Web,NodeJS
CAST_NodeJS_Restify_DELETE,Web,NodeJS
CAST_TS_GetNgHttpService,Web,TS
CAST_NodeJS_Restify_GET,Web,NodeJS
CAST_NodeJS_AWS_Lambda_Function_POST,Web,NodeJS
CAST_NodeJS_Restify_PUT,Web,NodeJS
CAST_TS_PostHttpRequestService,Web,TS
CAST_NodeJS_AWS_Lambda_Function_ANY,Web,NodeJS
CAST_TS_PutHttpRequestService,Web,TS
CAST_NodeJS_Restify_POST,Web,NodeJS
CAST_NodeJS_Restify_ANY,Web,NodeJS
CAST_TS_GetHttpRequestService,Web,TS
CAST_ReactJS_Application,Web,ReactJS
CAST_TS_PostNgHttpService,Web,TS
CAST_TS_DeleteNgHttpService,Web,TS
CAST_ReactJS_Redux_Form,Web,ReactJS
CAST_TS_ClassInitializer,Web,TS
CAST_TS_DeleteHttpRequestService,Web,TS
CAST_AngularJS_DirectiveLinkFunction,Web,AngularJS
CAST_AngularJS_Function,Web,AngularJS
CAST_AngularJS_ModelFunction,Web,AngularJS
CAST_AngularJS_Application,Web,AngularJS
CAST_AngularJS_Directive,Web,AngularJS
CAST_AngularJS_Controller,Web,AngularJS
CAST_AngularJS_DirectiveController,Web,AngularJS
CAST_AngularJS_Factory,Web,AngularJS
CAST_AngularJS_ModelVariable,Web,AngularJS
CAST_AngularJS_Service,Web,AngularJS
CAST_AngularJS_Module,Web,AngularJS
CAST_VueJS_Delete_Request_Service,Web,VueJS
CAST_NodeJS_Seneca_Act,Web,NodeJS
CAST_NodeJS_MQTT_Subscriber,Web,NodeJS
CAST_NodeJS_Seneca_Add,Web,NodeJS
CAST_NodeJS_MQTT_Connection,Web,NodeJS
CAST_NodeJS_MQTT_Publisher,Web,NodeJS
CAST_NodeJS_Express_Controller,Web,NodeJS
CAST_NodeJS_Application,Web,NodeJS
CAST_AngularJS_DeleteResourceService,Web,AngularJS
CAST_AngularJS_PutResourceService,Web,AngularJS
CAST_AngularJS_PostResourceService,Web,AngularJS
CAST_AngularJS_PostHttpService,Web,AngularJS
CAST_AngularJS_GetResourceService,Web,AngularJS
CAST_AngularJS_PutHttpService,Web,AngularJS
CAST_AngularJS_GetHttpService,Web,AngularJS
CAST_NodeJS_DeleteHttpRequestService,Web,NodeJS
CAST_NodeJS_PutHttpRequestService,Web,NodeJS
CAST_NodeJS_GetHttpRequestService,Web,NodeJS
CAST_NodeJS_PostHttpRequestService,Web,NodeJS
VB_EVENT,Microsoft (not.NET),Visual Basic
VB_PROJECT_OLEDLL,Microsoft (not.NET),Visual Basic
VB_PROJECT_GROUP,Microsoft (not.NET),Visual Basic
VB_PROJECT_CONTROL,Microsoft (not.NET),Visual Basic
VB_PROJECT_OLEEXE,Microsoft (not.NET),Visual Basic
VB_VAR,Microsoft (not.NET),Visual Basic
VB_SUB,Microsoft (not.NET),Visual Basic
VB_CONST,Microsoft (not.NET),Visual Basic
VB_EXTSUB,Microsoft (not.NET),Visual Basic
VB_ENUM,Microsoft (not.NET),Visual Basic
VB_TYPE,Microsoft (not.NET),Visual Basic
VB_EXTFUNCTION,Microsoft (not.NET),Visual Basic
VB_PROPERTY_LET,Microsoft (not.NET),Visual Basic
VB_PROPERTY_SET,Microsoft (not.NET),Visual Basic
VB_PROPERTY_GET,Microsoft (not.NET),Visual Basic
VB_FUNCTION,Microsoft (not.NET),Visual Basic
VB_CONTROL,Microsoft (not.NET),Visual Basic
VB_DESIGNER,Microsoft (not.NET),Visual Basic
VB_PROPERTY_PAGE,Microsoft (not.NET),Visual Basic
VB_USER_DOC,Microsoft (not.NET),Visual Basic
VB_MDI_FORM,Microsoft (not.NET),Visual Basic
VB_CLASS_MODULE,Microsoft (not.NET),Visual Basic
VB_FORM,Microsoft (not.NET),Visual Basic
VB_MODULE,Microsoft (not.NET),Visual Basic
VB_PROJECT_EXE,Microsoft (not.NET),Visual Basic
VB_USER_CONTROL,Microsoft (not.NET),Visual Basic
CAST_ObjectiveC_Project,Mobile,iOS/ObjectiveC
CAST_ObjectiveC_StoryBoardFile,Mobile,iOS/ObjectiveC
CAST_ObjectiveC_Protocol,Mobile,iOS/ObjectiveC
CAST_ObjectiveC_Interface,Mobile,iOS/ObjectiveC
CAST_ObjectiveC_Property,Mobile,iOS/ObjectiveC
CAST_ObjectiveC_Category,Mobile,iOS/ObjectiveC
CAST_ObjectiveC_Method,Mobile,iOS/ObjectiveC
CAST_ObjectiveC_InterfaceVariable,Mobile,iOS/ObjectiveC
CAST_ObjectiveC_DeleteResourceService,Mobile,iOS/ObjectiveC
CAST_ObjectiveC_PropertySetter,Mobile,iOS/ObjectiveC
CAST_ObjectiveC_GetResourceService,Mobile,iOS/ObjectiveC
CAST_ObjectiveC_Outlet,Mobile,iOS/ObjectiveC
CAST_ObjectiveC_Action,Mobile,iOS/ObjectiveC
CAST_ObjectiveC_UIControl,Mobile,iOS/ObjectiveC
CAST_ObjectiveC_XibFile,Mobile,iOS/ObjectiveC
CAST_ObjectiveC_PostResourceService,Mobile,iOS/ObjectiveC
CAST_ObjectiveC_PutResourceService,Mobile,iOS/ObjectiveC
CAST_ObjectiveC_PropertyGetter,Mobile,iOS/ObjectiveC
CAST_ObjectiveC_SourceFile,Mobile,iOS/ObjectiveC
CAST_ObjectiveC_PlistFile,Mobile,iOS/ObjectiveC
CAST_ObjectiveC_UIButton,Mobile,iOS/ObjectiveC
CAST_ObjectiveC_UITextField,Mobile,iOS/ObjectiveC
CAST_ObjectiveC_ClassMethod,Mobile,iOS/ObjectiveC
CAST_Kotlin_JVM_Generic_Class,Mobile,Android/Kotlin
CAST_Kotlin_Method,Mobile,Android/Kotlin
CAST_Kotlin_Main,Mobile,Android/Kotlin
CAST_Kotlin_JVM_Class,Mobile,Android/Kotlin
CAST_Kotlin_JVM_Method,Mobile,Android/Kotlin
CAST_ObjectiveC_UIApplicationDelegate,Mobile,iOS/ObjectiveC
CAST_ObjectiveC_Block,Mobile,iOS/ObjectiveC
CAST_IOS_ApplicationObject,Mobile,iOS/ObjectiveC
CAST_Swift_Function,Mobile,iOS/Swift
CAST_Kotlin_Function,Mobile,Android/Kotlin
CAST_Kotlin_Class,Mobile,Android/Kotlin
CAST_Kotlin_Interface,Mobile,Android/Kotlin
CAST_Kotlin_Object,Mobile,Android/Kotlin
CAST_Kotlin_Instantiated_Class,Mobile,Android/Kotlin
CAST_Kotlin_Generic_Interface,Mobile,Android/Kotlin
CAST_Kotlin_Project,Mobile,Android/Kotlin
CAST_Kotlin_SourceCode,Mobile,Android/Kotlin
CAST_Kotlin_Generic_Class,Mobile,Android/Kotlin
CAST_Kotlin_Anonymous_Class,Mobile,Android/Kotlin
CAST_Kotlin_Lambda,Mobile,Android/Kotlin
CAST_Swift_StoryBoardFile,Mobile,iOS/Swift
CAST_Swift_DeleteHttpService,Mobile,iOS/Swift
CAST_Android_Kotlin_Fragment,Mobile,Android/Kotlin
CAST_Swift_PostHttpService,Mobile,iOS/Swift
CAST_Android_Kotlin_Exposed_Service,Mobile,Android/Kotlin
CAST_Android_Kotlin_Room_Entity,Mobile,Android/Kotlin
CAST_Swift_GetHttpService,Mobile,iOS/Swift
CAST_Swift_PutHttpService,Mobile,iOS/Swift
CAST_Swift_Protocol,Mobile,iOS/Swift
CAST_Swift_XibFile,Mobile,iOS/Swift
CAST_Android_Kotlin_UI_XML_File,Mobile,Android/Kotlin
CAST_Swift_Method,Mobile,iOS/Swift
CAST_Android_Kotlin_Application,Mobile,Android/Kotlin
CAST_Swift_DefaultInit,Mobile,iOS/Swift
CAST_Swift_Structure,Mobile,iOS/Swift
CAST_Swift_Enumeration,Mobile,iOS/Swift
CAST_Swift_Class,Mobile,iOS/Swift
CAST_Swift_Project,Mobile,iOS/Swift
CAST_Swift_SourceCode,Mobile,iOS/Swift
CAST_Android_Kotlin_Exposed_Activity,Mobile,Android/Kotlin
CAST_Android_Switch,Mobile,Android/Java
CAST_Android_UndefinedWidget,Mobile,Android/Java
CAST_Android_UI_XML_File,Mobile,Android/Java
CAST_Android_Layout,Mobile,Android/Java
CAST_Android_RelativeLayout,Mobile,Android/Java
CAST_Android_WebView,Mobile,Android/Java
CAST_Android_Item,Mobile,Android/Java
CAST_Android_GridView,Mobile,Android/Java
CAST_Android_Group,Mobile,Android/Java
CAST_Android_Spinner,Mobile,Android/Java
CAST_Android_TimePicker,Mobile,Android/Java
CAST_Android_ListView,Mobile,Android/Java
CAST_Android_LinearLayout,Mobile,Android/Java
CAST_Android_Menu,Mobile,Android/Java
CAST_Android_EditText,Mobile,Android/Java
CAST_Android_CheckBox,Mobile,Android/Java
CAST_Android_TextView,Mobile,Android/Java
CAST_Android_Button,Mobile,Android/Java
CAST_Android_Application,Mobile,Android/Java
CAST_Android_ExternalStorage,Mobile,Android/Java
CAST_Android_SharedPreferences,Mobile,Android/Java
CAST_Android_InternalStorage,Mobile,Android/Java
CAST_Android_GetResourceService,Mobile,Android/Java
CAST_Android_PostResourceService,Mobile,Android/Java
CAST_Android_PutResourceService,Mobile,Android/Java
CAST_Android_DeleteResourceService,Mobile,Android/Java
CAST_Android_Exposed_Receiver,Mobile,Android/Java
CAST_Android_Intent_Resource,Mobile,Android/Java
CAST_Android_EventHandler,Mobile,Android/Java
CAST_Android_Exposed_Service,Mobile,Android/Java
CAST_Android_Exposed_Activity,Mobile,Android/Java
CAST_Android_Kotlin_SharedPreferences,Mobile,Android/Kotlin
CAST_Android_Kotlin_ExternalStorage,Mobile,Android/Kotlin
CAST_Android_Kotlin_InternalStorage,Mobile,Android/Kotlin
CAST_Android_Kotlin_Exposed_Receiver,Mobile,Android/Kotlin
CAST_Android_Kotlin_Intent_Resource,Mobile,Android/Kotlin
CAST_Kotlin_PostHttpRequestService,Mobile,Android/Kotlin
CAST_Kotlin_DeleteHttpRequestService,Mobile,Android/Kotlin
CAST_Kotlin_GetHttpRequestService,Mobile,Android/Kotlin
CAST_Kotlin_PutHttpRequestService,Mobile,Android/Kotlin
PerlPackageConstructor,Scripting Languages,Perl
PerlLibrary,Scripting Languages,Perl
PerlPackage,Scripting Languages,Perl
PerlPackageMethod,Scripting Languages,Perl
PerlBerkeleySubroutineDELETE,Scripting Languages,Perl
PerlSubroutine,Scripting Languages,Perl
PerlFunction,Scripting Languages,Perl
PerlProgram,Scripting Languages,Perl
PerlProject,Scripting Languages,Perl
PerlBerkeleySubroutinePUT,Scripting Languages,Perl
PerlCGIProgram,Scripting Languages,Perl
PerlBerkeleySubroutineGET,Scripting Languages,Perl
phpProject,PHP,PHP
phpSection,PHP,PHP
phpInterface,PHP,PHP
phpClass,PHP,PHP
phpSymfonyControllerClass,PHP,PHP
phpConstructor,PHP,PHP
phpMethod,PHP,PHP
phpSymfonyController,PHP,PHP
phpSymfonyService,PHP,PHP
phpMember,PHP,PHP
phpFunction,PHP,PHP
phpDefine,PHP,PHP
phpArray,PHP,PHP
phpConstants,PHP,PHP
ScriptSection,PHP,PHP
ScriptFunction,PHP,PHP
UAConfigurationFolder,PHP,PHP
UAConfigurationControllersFolder,PHP,PHP
UAConfigurationRoutesFolder,PHP,PHP
UAConfigurationServicesFolder,PHP,PHP
phpSymfonyRoute,PHP,PHP
PB_MENU,Misc. Entreprise Solutions,PowerBuilder
PB_USEROBJECT,Misc. Entreprise Solutions,PowerBuilder
PB_FUNCTION,Misc. Entreprise Solutions,PowerBuilder
PB_APPLICATION,Misc. Entreprise Solutions,PowerBuilder
PB_STRUCTURE,Misc. Entreprise Solutions,PowerBuilder
PB_WINDOW,Misc. Entreprise Solutions,PowerBuilder
PB_DATAWINDOW,Misc. Entreprise Solutions,PowerBuilder
PB_ANALYSE,Misc. Entreprise Solutions,PowerBuilder
PB_EVENT,Misc. Entreprise Solutions,PowerBuilder
PB_RPCFUNC,Misc. Entreprise Solutions,PowerBuilder
PB_PROXYOBJECT,Misc. Entreprise Solutions,PowerBuilder
PB_TARGET,Misc. Entreprise Solutions,PowerBuilder
PB_WORKSPACE,Misc. Entreprise Solutions,PowerBuilder
PB_MEMBERVARIABLE,Misc. Entreprise Solutions,PowerBuilder
PB_FUNCINCLASS,Misc. Entreprise Solutions,PowerBuilder
PB_CONTROL,Misc. Entreprise Solutions,PowerBuilder
PB_DEC_CURSOR,Misc. Entreprise Solutions,PowerBuilder
PB_DEC_PROC,Misc. Entreprise Solutions,PowerBuilder
PB_LIBRARY,Misc. Entreprise Solutions,PowerBuilder
PB_PROGRAMM,Misc. Entreprise Solutions,PowerBuilder
PB_DATASTORE,Misc. Entreprise Solutions,PowerBuilder
PB_EXTFUNCTION,Misc. Entreprise Solutions,PowerBuilder
PB_GLOBALVARIABLE,Misc. Entreprise Solutions,PowerBuilder
CAST_Python_Flask_PutOperation,Python,Python
CAST_Python_Flask_DeleteOperation,Python,Python
CAST_Python_DeleteUrllibService,Python,Python
CAST_Python_Flask_PostOperation,Python,Python
CAST_Python_PostUrllib2Service,Python,Python
CAST_Python_GetUrllib2Service,Python,Python
CAST_Python_Flask_GetOperation,Python,Python
CAST_Python_Aiohttp_GetOperation,Python,Python
CAST_Python_GetUrllibService,Python,Python
CAST_Python_PostUrllibService,Python,Python
CAST_Python_PostAiohttpService,Python,Python
CAST_Python_PutUrllibService,Python,Python
CAST_Python_PutAiohttpService,Python,Python
CAST_Python_DeleteHttplib2Service,Python,Python
CAST_Python_DeleteHttplibService,Python,Python
CAST_Python_PutHttplib2Service,Python,Python
CAST_Python_PostHttplib2Service,Python,Python
CAST_Python_GetHttplib2Service,Python,Python
CAST_Python_GetAiohttpService,Python,Python
CAST_Python_PutHttplibService,Python,Python
CAST_Python_DeleteRequestsService,Python,Python
CAST_Python_PostHttplibService,Python,Python
CAST_Python_PutRequestsService,Python,Python
CAST_Python_DeleteAiohttpService,Python,Python
CAST_Python_GetHttplibService,Python,Python
CAST_Python_Script,Python,Python
CAST_Python_GetRequestsService,Python,Python
CAST_Python_PostRequestsService,Python,Python
CAST_Python_Method,Python,Python
CAST_Python_ORM_Mapping,Python,Python
CAST_Python_External_Library,Python,Python
CAST_Python_SourceCode,Python,Python
CAST_Python_Class,Python,Python
CAST_Python_File_Query,Python,Python
CAST_Python_Project,Python,Python
CAST_Python_Query,Python,Python
CAST_Python_Aiohttp_PostOperation,Python,Python
CAST_RabbitMQ_Python_Queue,Python,Python
CAST_ActiveMQ_Python_QueueCall,Python,Python
CAST_Python_Aiohttp_PutOperation,Python,Python
CAST_RabbitMQ_Python_QueueCall,Python,Python
CAST_Python_Aiohttp_DeleteOperation,Python,Python
CAST_RabbitMQ_Python_QueueReceive,Python,Python
CAST_Python_JavaCall,Python,Python
CAST_IBMMQ_Python_QueueCall,Python,Python
CAST_RabbitMQ_Python_Exchange,Python,Python
CAST_IBMMQ_Python_QueueReceive,Python,Python
CAST_Python_GeneralCall,Python,Python
CAST_ActiveMQ_Python_QueueReceive,Python,Python
BO_PROJECT,Reporting Entreprise Solutions,SAP Business Objects
BO_DATA_SQL,Reporting Entreprise Solutions,SAP Business Objects
BO_DATA_FILE,Reporting Entreprise Solutions,SAP Business Objects
BO_WEBI_DOCUMENT,Reporting Entreprise Solutions,SAP Business Objects
BO_DATA_PROC,Reporting Entreprise Solutions,SAP Business Objects
BO_REPORT,Reporting Entreprise Solutions,SAP Business Objects
BO_LISTOFVALUE,Reporting Entreprise Solutions,SAP Business Objects
BO_DATA_XML,Reporting Entreprise Solutions,SAP Business Objects
BO_DATA_OLAP,Reporting Entreprise Solutions,SAP Business Objects
BO_DATA_VBA,Reporting Entreprise Solutions,SAP Business Objects
CAST_BO_Folder,Reporting Entreprise Solutions,SAP Business Objects
BO_DOCUMENT,Reporting Entreprise Solutions,SAP Business Objects
BO_OBJECT_DET,Reporting Entreprise Solutions,SAP Business Objects
BO_DATA_PROVIDER,Reporting Entreprise Solutions,SAP Business Objects
BO_OBJECT_DIM,Reporting Entreprise Solutions,SAP Business Objects
BO_OBJECT_IND,Reporting Entreprise Solutions,SAP Business Objects
BO_CONDITION,Reporting Entreprise Solutions,SAP Business Objects
BO_UNIVERSE,Reporting Entreprise Solutions,SAP Business Objects
BO_CLASS,Reporting Entreprise Solutions,SAP Business Objects
SHELLGeneralCall,Scripting Languages,shell
SHELLJavaCall,Scripting Languages,shell
SHELLProgram,Scripting Languages,shell
SHELLSqlQuery,Scripting Languages,shell
SHELLSpecialFunction,Scripting Languages,shell
SHELLVariable,Scripting Languages,shell
SHELLFunction,Scripting Languages,shell
SHELLProject,Scripting Languages,shell
Tibco_SharedModule_Directory,Misc. Entreprise Solutions,TIBCO
Tibco_ProcessVariable,Misc. Entreprise Solutions,TIBCO
Tibco_SharedModule,Misc. Entreprise Solutions,TIBCO
Tibco_Service,Misc. Entreprise Solutions,TIBCO
Tibco_ServiceOperation,Misc. Entreprise Solutions,TIBCO
Tibco_ProcessTransition,Misc. Entreprise Solutions,TIBCO
Tibco_JMSConnectionKey,Misc. Entreprise Solutions,TIBCO
Tibco_ProcessActivityJavaProcessCall,Misc. Entreprise Solutions,TIBCO
Tibco_JDBCSharedResource,Misc. Entreprise Solutions,TIBCO
Tibco_ApplicationModule,Misc. Entreprise Solutions,TIBCO
Tibco_ProcessActivityInput,Misc. Entreprise Solutions,TIBCO
Tibco_ProcessEnd,Misc. Entreprise Solutions,TIBCO
Tibco_ProcessStarter,Misc. Entreprise Solutions,TIBCO
Tibco_ApplicationModule_Directory,Misc. Entreprise Solutions,TIBCO
Tibco_ProcessVariableGroup,Misc. Entreprise Solutions,TIBCO
Tibco_ProcessActivityOutput,Misc. Entreprise Solutions,TIBCO
Tibco_AECLASS,Misc. Entreprise Solutions,TIBCO
Tibco_Process,Misc. Entreprise Solutions,TIBCO
Tibco_Processgroup,Misc. Entreprise Solutions,TIBCO
Tibco_ProcessActivity,Misc. Entreprise Solutions,TIBCO
Tibco_AECLASSFIELD,Misc. Entreprise Solutions,TIBCO
Tibco_AESCHEMA,Misc. Entreprise Solutions,TIBCO
TibcoProject,Misc. Entreprise Solutions,TIBCO
CAST_EAD4J_Operation,Web,Web
CAST_Web_InstanceWindow,Web,Web
CAST_Javascript_ServerSide_Method,Web,Web
CAST_Javascript_ClientSide_Method,Web,Web
CAST_Javascript_Method_Parameter,Web,Web
CAST_Javascript_ServerSide_Variable,Web,Web
CAST_Javascript_ClientSide_Variable,Web,Web
CAST_Web_AppletDirectory,Web,Web
CAST_HTML_Event,Web,Web
CAST_VBSCript_ClientSide_PropertyGet,Web,Web
CAST_VBSCript_ClientSide_PropertySet,Web,Web
CAST_VBSCript_ClientSide_PropertyLet,Web,Web
CAST_VBScript_ClientSide_Sub,Web,Web
CAST_VBScript_ClientSide_Function,Web,Web
CAST_VBScript_ClientSide_Class,Web,Web
CAST_VBScript_ClientSide_Constant,Web,Web
CAST_JQuery_GetResourceService,Web,Web
CAST_JQuery_Selector,Web,Web
CAST_JQuery_PostResourceService,Web,Web
CAST_JQuery_PutResourceService,Web,Web
CAST_JQuery_DeleteResourceService,Web,Web
CAST_VBSCript_ServerSide_PropertyLet,Web,Web
CAST_VBSCript_ServerSide_PropertyGet,Web,Web
CAST_VBSCript_ServerSide_PropertySet,Web,Web
CAST_VBScript_ServerSide_Sub,Web,Web
CAST_VBScript_ServerSide_Class,Web,Web
CAST_VBScript_ClientSide_Variable,Web,Web
CAST_VBScript_ServerSide_Function,Web,Web
CAST_VBScript_ServerSide_Constant,Web,Web
CAST_Web_HTC_Method,Web,Web
CAST_VBScript_ServerSide_Variable,Web,Web
CAST_Web_HTC_Class,Web,Web
CAST_Web_HTC_Event,Web,Web
CAST_Web_ExternalUrlApplication,Web,Web
CAST_Web_URLDirectory,Web,Web
CAST_Web_COMObjetsDirectory,Web,Web
CAST_Web_ExternalUrlDirectory,Web,Web
CAST_Web_GlobalVariablesDirectory,Web,Web
CAST_Web_FunctionMethod,Web,Web
CAST_SQL_NamedStoredProcedureQuery,Web,Web
CAST_Web_File,Web,Web
CAST_HTML5_HTML_Fragment,Web,Web
CAST_HTML5_SourceCode,Web,Web
CAST_Web_Asp_Property,Web,Web
CAST_Web_Asp_CollectionItem,Web,Web
CAST_Web_Asp_Collection,Web,Web
CAST_Web_Asp_Object,Web,Web
CAST_Web_Asp_Method,Web,Web
CAST_Web_App,Web,Web
NET_WEB_PROJECT,Web,Web
CAST_Web_FunctionEvent,Web,Web
CAST_Web_Variable,Web,Web
CAST_Web_Instance,Web,Web
CAST_Web_FunctionFunction,Web,Web
CAST_Web_Property,Web,Web
CAST_Web_HTC_Property,Web,Web
CAST_SQL_NamedQuery,Web,Web
CAST_J2EE_HTML5_JavaScript_SourceCode_Fragment,Web,Web
CAST_J2EE_HTML5_Applet,Web,Web
CAST_HTML5_Razor_PostService,Web,Web
CAST_HTML5_Razor_DeleteService,Web,Web
CAST_HTML5_Razor_GetService,Web,Web
CAST_HTML5_CSHTML_Content,Web,Web
CAST_HTML5_Razor_Controller_Method_Call,Web,Web
CAST_HTML5_Razor_Controller_Method_Get,Web,Web
CAST_HTML5_Razor_Controller_Method_Post,Web,Web
CAST_Web_Directory,Web,Web
CAST_HTML5_JEE_Method_Call,Web,Web
CAST_HTML5_GetEventSourceService,Web,Web
CAST_HTML5_JavaScript_Class,Web,Web
CAST_HTML5_ASP_Content,Web,Web
CAST_HTML5_ASPX_Content,Web,Web
URL,Web,Web
CAST_HTML5_JEE_Scoped_Bean_Access,Web,Web
CAST_HTML5_JEE_Class_Import,Web,Web
CAST_HTML5_JEE_Servlet_Mapping_Access,Web,Web
CAST_HTML5_HTC_Content,Web,Web
CAST_HTML5_AppletClassReference,Web,Web
CAST_HTML5_BeanMethodReference,Web,Web
CAST_JEE_VALIDATION_FORM,Web,Web
CAST_JEE_VALIDATION_FORM_FIELD,Web,Web
VALIDATION_FORM,Web,Web
VALIDATION_FORM_FIELD,Web,Web
CAST_Web_Constant,Web,Web
CAST_Web_FunctionClass,Web,Web
CAST_Web_FunctionPropertyLet,Web,Web
CAST_Web_FunctionPropertyGet,Web,Web
CAST_Web_FunctionProcedure,Web,Web
CAST_Web_FunctionPropertySet,Web,Web
CAST_HTML5_DeleteHttpRequestService,Web,Web
CAST_HTML5_GetHttpRequestService,Web,Web
CAST_HTML5_PostHttpRequestService,Web,Web
CAST_HTML5_UpdateXMLHttpRequestService,Web,Web
CAST_HTML5_PostXMLHttpRequestService,Web,Web
CAST_HTML5_DeleteXMLHttpRequestService,Web,Web
CAST_HTML5_GetXMLHttpRequestService,Web,Web
CAST_HTML5_JSX_SourceCode,Web,Web
CAST_HTML5_PutHttpRequestService,Web,Web
CAST_HTML5_JavaScript_SourceCode_Fragment,Web,Web
CAST_HTML5_WebSocketService,Web,Web
CAST_HTML5_CSS_SourceCode,Web,Web
CAST_HTML5_CSS_SourceCode_Fragment,Web,Web
CAST_HTML5_Project,Web,Web
CAST_HTML5_Jade_SourceCode,Web,Web
CAST_HTML5_JavaScript_Constructor,Web,Web
CAST_HTML5_JavaScript_SourceCode,Web,Web
CAST_HTML5_JavaScript_Function,Web,Web
CAST_HTML5_JavaScript_Method,Web,Web
CAST_HTML5_JavaScript_Initialisation,Web,Web
